kind,role,warp,weft,page,file
yarn,warp,01,,32,data/images/yarn/01_warp_p32.jpeg
yarn,warp,02,,32,data/images/yarn/02_warp_p32.jpeg
yarn,warp,05,,32,data/images/yarn/05_warp_p32.jpeg
yarn,warp,03,,32,data/images/yarn/03_warp_p32.jpeg
yarn,warp,07,,32,data/images/yarn/07_warp_p32.jpeg
fabric,,01,25,32,data/images/fabric/01+25.jpeg
fabric,,02,25,32,data/images/fabric/02+25.jpeg
fabric,,05,25,32,data/images/fabric/05+25.jpeg
fabric,,03,25,32,data/images/fabric/03+25.jpeg
fabric,,07,25,32,data/images/fabric/07+25.jpeg
yarn,weft,,25,32,data/images/yarn/25_weft_p32.jpeg
fabric,,01,05,32,data/images/fabric/01+05.jpeg
fabric,,02,05,32,data/images/fabric/02+05.jpeg
fabric,,05,05,32,data/images/fabric/05+05.jpeg
fabric,,03,05,32,data/images/fabric/03+05.jpeg
fabric,,07,05,32,data/images/fabric/07+05.jpeg
yarn,weft,,05,32,data/images/yarn/05_weft_p32.jpeg
fabric,,01,37,32,data/images/fabric/01+37.jpeg
fabric,,02,37,32,data/images/fabric/02+37.jpeg
fabric,,05,37,32,data/images/fabric/05+37.jpeg
fabric,,03,37,32,data/images/fabric/03+37.jpeg
fabric,,07,37,32,data/images/fabric/07+37.jpeg
yarn,weft,,37,32,data/images/yarn/37_weft_p32.jpeg
fabric,,01,40,33,data/images/fabric/01+40.jpeg
fabric,,02,40,33,data/images/fabric/02+40.jpeg
fabric,,05,40,33,data/images/fabric/05+40.jpeg
fabric,,03,40,33,data/images/fabric/03+40.jpeg
fabric,,07,40,33,data/images/fabric/07+40.jpeg
yarn,weft,,40,33,data/images/yarn/40_weft_p33.jpeg
fabric,,01,43,33,data/images/fabric/01+43.jpeg
fabric,,02,43,33,data/images/fabric/02+43.jpeg
fabric,,05,43,33,data/images/fabric/05+43.jpeg
fabric,,03,43,33,data/images/fabric/03+43.jpeg
fabric,,07,43,33,data/images/fabric/07+43.jpeg
yarn,weft,,43,33,data/images/yarn/43_weft_p33.jpeg
fabric,,01,30,33,data/images/fabric/01+30.jpeg
fabric,,02,30,33,data/images/fabric/02+30.jpeg
fabric,,05,30,33,data/images/fabric/05+30.jpeg
fabric,,03,30,33,data/images/fabric/03+30.jpeg
fabric,,07,30,33,data/images/fabric/07+30.jpeg
yarn,weft,,30,33,data/images/yarn/30_weft_p33.jpeg
fabric,,01,24,33,data/images/fabric/01+24.jpeg
fabric,,02,24,33,data/images/fabric/02+24.jpeg
fabric,,05,24,33,data/images/fabric/05+24.jpeg
fabric,,03,24,33,data/images/fabric/03+24.jpeg
fabric,,07,24,33,data/images/fabric/07+24.jpeg
yarn,weft,,24,33,data/images/yarn/24_weft_p33.jpeg
fabric,,01,13,33,data/images/fabric/01+13.jpeg
fabric,,02,13,33,data/images/fabric/02+13.jpeg
fabric,,05,13,33,data/images/fabric/05+13.jpeg
fabric,,03,13,33,data/images/fabric/03+13.jpeg
fabric,,07,13,33,data/images/fabric/07+13.jpeg
yarn,weft,,13,33,data/images/yarn/13_weft_p33.jpeg
fabric,,01,38,34,data/images/fabric/01+38.jpeg
fabric,,02,38,34,data/images/fabric/02+38.jpeg
fabric,,05,38,34,data/images/fabric/05+38.jpeg
fabric,,03,38,34,data/images/fabric/03+38.jpeg
fabric,,07,38,34,data/images/fabric/07+38.jpeg
yarn,weft,,38,34,data/images/yarn/38_weft_p34.jpeg
fabric,,01,27,34,data/images/fabric/01+27.jpeg
fabric,,02,27,34,data/images/fabric/02+27.jpeg
fabric,,05,27,34,data/images/fabric/05+27.jpeg
fabric,,03,27,34,data/images/fabric/03+27.jpeg
fabric,,07,27,34,data/images/fabric/07+27.jpeg
yarn,weft,,27,34,data/images/yarn/27_weft_p34.jpeg
fabric,,01,01,34,data/images/fabric/01+01.jpeg
fabric,,02,01,34,data/images/fabric/02+01.jpeg
fabric,,05,01,34,data/images/fabric/05+01.jpeg
fabric,,03,01,34,data/images/fabric/03+01.jpeg
fabric,,07,01,34,data/images/fabric/07+01.jpeg
yarn,weft,,01,34,data/images/yarn/01_weft_p34.jpeg
fabric,,01,07,34,data/images/fabric/01+07.jpeg
fabric,,02,07,34,data/images/fabric/02+07.jpeg
fabric,,05,07,34,data/images/fabric/05+07.jpeg
fabric,,03,07,34,data/images/fabric/03+07.jpeg
fabric,,07,07,34,data/images/fabric/07+07.jpeg
yarn,weft,,07,34,data/images/yarn/07_weft_p34.jpeg
fabric,,01,23,34,data/images/fabric/01+23.jpeg
fabric,,02,23,34,data/images/fabric/02+23.jpeg
fabric,,05,23,34,data/images/fabric/05+23.jpeg
fabric,,03,23,34,data/images/fabric/03+23.jpeg
fabric,,07,23,34,data/images/fabric/07+23.jpeg
yarn,weft,,23,34,data/images/yarn/23_weft_p34.jpeg
fabric,,01,22,35,data/images/fabric/01+22.jpeg
fabric,,02,22,35,data/images/fabric/02+22.jpeg
fabric,,05,22,35,data/images/fabric/05+22.jpeg
fabric,,03,22,35,data/images/fabric/03+22.jpeg
fabric,,07,22,35,data/images/fabric/07+22.jpeg
yarn,weft,,22,35,data/images/yarn/22_weft_p35.jpeg
fabric,,01,03,35,data/images/fabric/01+03.jpeg
fabric,,02,03,35,data/images/fabric/02+03.jpeg
fabric,,05,03,35,data/images/fabric/05+03.jpeg
fabric,,03,03,35,data/images/fabric/03+03.jpeg
fabric,,07,03,35,data/images/fabric/07+03.jpeg
yarn,weft,,03,35,data/images/yarn/03_weft_p35.jpeg
fabric,,01,20,35,data/images/fabric/01+20.jpeg
fabric,,02,20,35,data/images/fabric/02+20.jpeg
fabric,,05,20,35,data/images/fabric/05+20.jpeg
fabric,,03,20,35,data/images/fabric/03+20.jpeg
fabric,,07,20,35,data/images/fabric/07+20.jpeg
yarn,weft,,20,35,data/images/yarn/20_weft_p35.jpeg
fabric,,01,19,35,data/images/fabric/01+19.jpeg
fabric,,02,19,35,data/images/fabric/02+19.jpeg
fabric,,05,19,35,data/images/fabric/05+19.jpeg
fabric,,03,19,35,data/images/fabric/03+19.jpeg
fabric,,07,19,35,data/images/fabric/07+19.jpeg
yarn,weft,,19,35,data/images/yarn/19_weft_p35.jpeg
fabric,,01,18,35,data/images/fabric/01+18.jpeg
fabric,,02,18,35,data/images/fabric/02+18.jpeg
fabric,,05,18,35,data/images/fabric/05+18.jpeg
fabric,,03,18,35,data/images/fabric/03+18.jpeg
fabric,,07,18,35,data/images/fabric/07+18.jpeg
yarn,weft,,18,35,data/images/yarn/18_weft_p35.jpeg
fabric,,01,12,36,data/images/fabric/01+12.jpeg
fabric,,02,12,36,data/images/fabric/02+12.jpeg
fabric,,05,12,36,data/images/fabric/05+12.jpeg
fabric,,03,12,36,data/images/fabric/03+12.jpeg
fabric,,07,12,36,data/images/fabric/07+12.jpeg
yarn,weft,,12,36,data/images/yarn/12_weft_p36.jpeg
fabric,,01,17,36,data/images/fabric/01+17.jpeg
fabric,,02,17,36,data/images/fabric/02+17.jpeg
fabric,,05,17,36,data/images/fabric/05+17.jpeg
fabric,,03,17,36,data/images/fabric/03+17.jpeg
fabric,,07,17,36,data/images/fabric/07+17.jpeg
yarn,weft,,17,36,data/images/yarn/17_weft_p36.jpeg
fabric,,01,15,36,data/images/fabric/01+15.jpeg
fabric,,02,15,36,data/images/fabric/02+15.jpeg
fabric,,05,15,36,data/images/fabric/05+15.jpeg
fabric,,03,15,36,data/images/fabric/03+15.jpeg
fabric,,07,15,36,data/images/fabric/07+15.jpeg
yarn,weft,,15,36,data/images/yarn/15_weft_p36.jpeg
fabric,,01,02,36,data/images/fabric/01+02.jpeg
fabric,,02,02,36,data/images/fabric/02+02.jpeg
fabric,,05,02,36,data/images/fabric/05+02.jpeg
fabric,,03,02,36,data/images/fabric/03+02.jpeg
fabric,,07,02,36,data/images/fabric/07+02.jpeg
yarn,weft,,02,36,data/images/yarn/02_weft_p36.jpeg
fabric,,01,21,37,data/images/fabric/01+21.jpeg
fabric,,02,21,37,data/images/fabric/02+21.jpeg
fabric,,05,21,37,data/images/fabric/05+21.jpeg
fabric,,03,21,37,data/images/fabric/03+21.jpeg
fabric,,07,21,37,data/images/fabric/07+21.jpeg
yarn,weft,,21,37,data/images/yarn/21_weft_p37.jpeg
fabric,,01,41,37,data/images/fabric/01+41.jpeg
fabric,,02,41,37,data/images/fabric/02+41.jpeg
fabric,,05,41,37,data/images/fabric/05+41.jpeg
fabric,,03,41,37,data/images/fabric/03+41.jpeg
fabric,,07,41,37,data/images/fabric/07+41.jpeg
yarn,weft,,41,37,data/images/yarn/41_weft_p37.jpeg
fabric,,01,50,37,data/images/fabric/01+50.jpeg
fabric,,02,50,37,data/images/fabric/02+50.jpeg
fabric,,05,50,37,data/images/fabric/05+50.jpeg
fabric,,03,50,37,data/images/fabric/03+50.jpeg
fabric,,07,50,37,data/images/fabric/07+50.jpeg
yarn,weft,,50,37,data/images/yarn/50_weft_p37.jpeg
yarn,warp,12,,38,data/images/yarn/12_warp_p38.jpeg
yarn,warp,13,,38,data/images/yarn/13_warp_p38.jpeg
yarn,warp,15,,38,data/images/yarn/15_warp_p38.jpeg
yarn,warp,17,,38,data/images/yarn/17_warp_p38.jpeg
yarn,warp,18,,38,data/images/yarn/18_warp_p38.jpeg
fabric,,12,19,38,data/images/fabric/12+19.jpeg
fabric,,13,19,38,data/images/fabric/13+19.jpeg
fabric,,15,19,38,data/images/fabric/15+19.jpeg
fabric,,17,19,38,data/images/fabric/17+19.jpeg
fabric,,18,19,38,data/images/fabric/18+19.jpeg
yarn,weft,,19,38,data/images/yarn/19_weft_p38.jpeg
fabric,,12,02,38,data/images/fabric/12+02.jpeg
fabric,,13,02,38,data/images/fabric/13+02.jpeg
fabric,,15,02,38,data/images/fabric/15+02.jpeg
fabric,,17,02,38,data/images/fabric/17+02.jpeg
fabric,,18,02,38,data/images/fabric/18+02.jpeg
yarn,weft,,02,38,data/images/yarn/02_weft_p38.jpeg
fabric,,12,27,38,data/images/fabric/12+27.jpeg
fabric,,13,27,38,data/images/fabric/13+27.jpeg
fabric,,15,27,38,data/images/fabric/15+27.jpeg
fabric,,17,27,38,data/images/fabric/17+27.jpeg
fabric,,18,27,38,data/images/fabric/18+27.jpeg
yarn,weft,,27,38,data/images/yarn/27_weft_p38.jpeg
fabric,,12,40,38,data/images/fabric/12+40.jpeg
fabric,,13,40,38,data/images/fabric/13+40.jpeg
fabric,,15,40,38,data/images/fabric/15+40.jpeg
fabric,,17,40,38,data/images/fabric/17+40.jpeg
fabric,,18,40,38,data/images/fabric/18+40.jpeg
yarn,weft,,40,38,data/images/yarn/40_weft_p38.jpeg
yarn,warp,12,,39,data/images/yarn/12_warp_p39.jpeg
yarn,warp,13,,39,data/images/yarn/13_warp_p39.jpeg
yarn,warp,15,,39,data/images/yarn/15_warp_p39.jpeg
yarn,warp,17,,39,data/images/yarn/17_warp_p39.jpeg
yarn,warp,18,,39,data/images/yarn/18_warp_p39.jpeg
fabric,,12,21,39,data/images/fabric/12+21.jpeg
fabric,,13,21,39,data/images/fabric/13+21.jpeg
fabric,,15,21,39,data/images/fabric/15+21.jpeg
fabric,,17,21,39,data/images/fabric/17+21.jpeg
fabric,,18,21,39,data/images/fabric/18+21.jpeg
yarn,weft,,21,39,data/images/yarn/21_weft_p39.jpeg
fabric,,12,05,39,data/images/fabric/12+05.jpeg
fabric,,13,05,39,data/images/fabric/13+05.jpeg
fabric,,15,05,39,data/images/fabric/15+05.jpeg
fabric,,17,05,39,data/images/fabric/17+05.jpeg
fabric,,18,05,39,data/images/fabric/18+05.jpeg
yarn,weft,,05,39,data/images/yarn/05_weft_p39.jpeg
fabric,,12,24,39,data/images/fabric/12+24.jpeg
fabric,,13,24,39,data/images/fabric/13+24.jpeg
fabric,,15,24,39,data/images/fabric/15+24.jpeg
fabric,,17,24,39,data/images/fabric/17+24.jpeg
fabric,,18,24,39,data/images/fabric/18+24.jpeg
yarn,weft,,24,39,data/images/yarn/24_weft_p39.jpeg
yarn,warp,12,,40,data/images/yarn/12_warp_p40.jpeg
yarn,warp,13,,40,data/images/yarn/13_warp_p40.jpeg
yarn,warp,15,,40,data/images/yarn/15_warp_p40.jpeg
yarn,warp,17,,40,data/images/yarn/17_warp_p40.jpeg
yarn,warp,18,,40,data/images/yarn/18_warp_p40.jpeg
fabric,,12,17,40,data/images/fabric/12+17.jpeg
fabric,,13,17,40,data/images/fabric/13+17.jpeg
fabric,,15,17,40,data/images/fabric/15+17.jpeg
fabric,,17,17,40,data/images/fabric/17+17.jpeg
fabric,,18,17,40,data/images/fabric/18+17.jpeg
yarn,weft,,17,40,data/images/yarn/17_weft_p40.jpeg
fabric,,12,41,40,data/images/fabric/12+41.jpeg
fabric,,13,41,40,data/images/fabric/13+41.jpeg
fabric,,15,41,40,data/images/fabric/15+41.jpeg
fabric,,17,41,40,data/images/fabric/17+41.jpeg
fabric,,18,41,40,data/images/fabric/18+41.jpeg
yarn,weft,,41,40,data/images/yarn/41_weft_p40.jpeg
fabric,,12,43,40,data/images/fabric/12+43.jpeg
fabric,,13,43,40,data/images/fabric/13+43.jpeg
fabric,,15,43,40,data/images/fabric/15+43.jpeg
fabric,,17,43,40,data/images/fabric/17+43.jpeg
fabric,,18,43,40,data/images/fabric/18+43.jpeg
yarn,weft,,43,40,data/images/yarn/43_weft_p40.jpeg
fabric,,12,23,40,data/images/fabric/12+23.jpeg
fabric,,13,23,40,data/images/fabric/13+23.jpeg
fabric,,15,23,40,data/images/fabric/15+23.jpeg
fabric,,17,23,40,data/images/fabric/17+23.jpeg
fabric,,18,23,40,data/images/fabric/18+23.jpeg
yarn,weft,,23,40,data/images/yarn/23_weft_p40.jpeg
yarn,warp,12,,41,data/images/yarn/12_warp_p41.jpeg
yarn,warp,13,,41,data/images/yarn/13_warp_p41.jpeg
yarn,warp,15,,41,data/images/yarn/15_warp_p41.jpeg
yarn,warp,17,,41,data/images/yarn/17_warp_p41.jpeg
yarn,warp,18,,41,data/images/yarn/18_warp_p41.jpeg
fabric,,12,30,41,data/images/fabric/12+30.jpeg
fabric,,13,30,41,data/images/fabric/13+30.jpeg
fabric,,15,30,41,data/images/fabric/15+30.jpeg
fabric,,17,30,41,data/images/fabric/17+30.jpeg
fabric,,18,30,41,data/images/fabric/18+30.jpeg
yarn,weft,,30,41,data/images/yarn/30_weft_p41.jpeg
fabric,,12,22,41,data/images/fabric/12+22.jpeg
fabric,,13,22,41,data/images/fabric/13+22.jpeg
fabric,,15,22,41,data/images/fabric/15+22.jpeg
fabric,,17,22,41,data/images/fabric/17+22.jpeg
fabric,,18,22,41,data/images/fabric/18+22.jpeg
yarn,weft,,22,41,data/images/yarn/22_weft_p41.jpeg
fabric,,12,50,41,data/images/fabric/12+50.jpeg
fabric,,13,50,41,data/images/fabric/13+50.jpeg
fabric,,15,50,41,data/images/fabric/15+50.jpeg
fabric,,17,50,41,data/images/fabric/17+50.jpeg
fabric,,18,50,41,data/images/fabric/18+50.jpeg
yarn,weft,,50,41,data/images/yarn/50_weft_p41.jpeg
fabric,,12,15,41,data/images/fabric/12+15.jpeg
fabric,,13,15,41,data/images/fabric/13+15.jpeg
fabric,,15,15,41,data/images/fabric/15+15.jpeg
fabric,,17,15,41,data/images/fabric/17+15.jpeg
fabric,,18,15,41,data/images/fabric/18+15.jpeg
yarn,weft,,15,41,data/images/yarn/15_weft_p41.jpeg
yarn,warp,12,,42,data/images/yarn/12_warp_p42.jpeg
yarn,warp,13,,42,data/images/yarn/13_warp_p42.jpeg
yarn,warp,15,,42,data/images/yarn/15_warp_p42.jpeg
yarn,warp,17,,42,data/images/yarn/17_warp_p42.jpeg
yarn,warp,18,,42,data/images/yarn/18_warp_p42.jpeg
fabric,,12,18,42,data/images/fabric/12+18.jpeg
fabric,,13,18,42,data/images/fabric/13+18.jpeg
fabric,,15,18,42,data/images/fabric/15+18.jpeg
fabric,,17,18,42,data/images/fabric/17+18.jpeg
fabric,,18,18,42,data/images/fabric/18+18.jpeg
yarn,weft,,18,42,data/images/yarn/18_weft_p42.jpeg
fabric,,12,38,42,data/images/fabric/12+38.jpeg
fabric,,13,38,42,data/images/fabric/13+38.jpeg
fabric,,15,38,42,data/images/fabric/15+38.jpeg
fabric,,17,38,42,data/images/fabric/17+38.jpeg
fabric,,18,38,42,data/images/fabric/18+38.jpeg
yarn,weft,,38,42,data/images/yarn/38_weft_p42.jpeg
fabric,,12,13,42,data/images/fabric/12+13.jpeg
fabric,,13,13,42,data/images/fabric/13+13.jpeg
fabric,,15,13,42,data/images/fabric/15+13.jpeg
fabric,,17,13,42,data/images/fabric/17+13.jpeg
fabric,,18,13,42,data/images/fabric/18+13.jpeg
yarn,weft,,13,42,data/images/yarn/13_weft_p42.jpeg
fabric,,12,07,42,data/images/fabric/12+07.jpeg
fabric,,13,07,42,data/images/fabric/13+07.jpeg
fabric,,15,07,42,data/images/fabric/15+07.jpeg
fabric,,17,07,42,data/images/fabric/17+07.jpeg
fabric,,18,07,42,data/images/fabric/18+07.jpeg
yarn,weft,,07,42,data/images/yarn/07_weft_p42.jpeg
yarn,warp,12,,43,data/images/yarn/12_warp_p43.jpeg
yarn,warp,13,,43,data/images/yarn/13_warp_p43.jpeg
yarn,warp,15,,43,data/images/yarn/15_warp_p43.jpeg
yarn,warp,17,,43,data/images/yarn/17_warp_p43.jpeg
yarn,warp,18,,43,data/images/yarn/18_warp_p43.jpeg
fabric,,12,25,43,data/images/fabric/12+25.jpeg
fabric,,13,25,43,data/images/fabric/13+25.jpeg
fabric,,15,25,43,data/images/fabric/15+25.jpeg
fabric,,17,25,43,data/images/fabric/17+25.jpeg
fabric,,18,25,43,data/images/fabric/18+25.jpeg
yarn,weft,,25,43,data/images/yarn/25_weft_p43.jpeg
fabric,,12,37,43,data/images/fabric/12+37.jpeg
fabric,,13,37,43,data/images/fabric/13+37.jpeg
fabric,,15,37,43,data/images/fabric/15+37.jpeg
fabric,,17,37,43,data/images/fabric/17+37.jpeg
fabric,,18,37,43,data/images/fabric/18+37.jpeg
yarn,weft,,37,43,data/images/yarn/37_weft_p43.jpeg
fabric,,12,03,43,data/images/fabric/12+03.jpeg
fabric,,13,03,43,data/images/fabric/13+03.jpeg
fabric,,15,03,43,data/images/fabric/15+03.jpeg
fabric,,17,03,43,data/images/fabric/17+03.jpeg
fabric,,18,03,43,data/images/fabric/18+03.jpeg
yarn,weft,,03,43,data/images/yarn/03_weft_p43.jpeg
fabric,,12,12,43,data/images/fabric/12+12.jpeg
fabric,,13,12,43,data/images/fabric/13+12.jpeg
fabric,,15,12,43,data/images/fabric/15+12.jpeg
fabric,,17,12,43,data/images/fabric/17+12.jpeg
fabric,,18,12,43,data/images/fabric/18+12.jpeg
yarn,weft,,12,43,data/images/yarn/12_weft_p43.jpeg
yarn,warp,12,,44,data/images/yarn/12_warp_p44.jpeg
yarn,warp,13,,44,data/images/yarn/13_warp_p44.jpeg
yarn,warp,15,,44,data/images/yarn/15_warp_p44.jpeg
yarn,warp,17,,44,data/images/yarn/17_warp_p44.jpeg
yarn,warp,18,,44,data/images/yarn/18_warp_p44.jpeg
fabric,,12,01,44,data/images/fabric/12+01.jpeg
fabric,,13,01,44,data/images/fabric/13+01.jpeg
fabric,,15,01,44,data/images/fabric/15+01.jpeg
fabric,,17,01,44,data/images/fabric/17+01.jpeg
fabric,,18,01,44,data/images/fabric/18+01.jpeg
yarn,weft,,01,44,data/images/yarn/01_weft_p44.jpeg
fabric,,12,20,44,data/images/fabric/12+20.jpeg
fabric,,13,20,44,data/images/fabric/13+20.jpeg
fabric,,15,20,44,data/images/fabric/15+20.jpeg
fabric,,17,20,44,data/images/fabric/17+20.jpeg
fabric,,18,20,44,data/images/fabric/18+20.jpeg
yarn,weft,,20,44,data/images/yarn/20_weft_p44.jpeg
yarn,warp,19,,45,data/images/yarn/19_warp_p45.jpeg
yarn,warp,20,,45,data/images/yarn/20_warp_p45.jpeg
yarn,warp,21,,45,data/images/yarn/21_warp_p45.jpeg
yarn,warp,22,,45,data/images/yarn/22_warp_p45.jpeg
yarn,warp,23,,45,data/images/yarn/23_warp_p45.jpeg
fabric,,19,13,45,data/images/fabric/19+13.jpeg
fabric,,20,13,45,data/images/fabric/20+13.jpeg
fabric,,21,13,45,data/images/fabric/21+13.jpeg
fabric,,22,13,45,data/images/fabric/22+13.jpeg
fabric,,23,13,45,data/images/fabric/23+13.jpeg
yarn,weft,,13,45,data/images/yarn/13_weft_p45.jpeg
fabric,,19,12,45,data/images/fabric/19+12.jpeg
fabric,,20,12,45,data/images/fabric/20+12.jpeg
fabric,,21,12,45,data/images/fabric/21+12.jpeg
fabric,,22,12,45,data/images/fabric/22+12.jpeg
fabric,,23,12,45,data/images/fabric/23+12.jpeg
yarn,weft,,12,45,data/images/yarn/12_weft_p45.jpeg
fabric,,19,07,45,data/images/fabric/19+07.jpeg
fabric,,20,07,45,data/images/fabric/20+07.jpeg
fabric,,21,07,45,data/images/fabric/21+07.jpeg
fabric,,22,07,45,data/images/fabric/22+07.jpeg
fabric,,23,07,45,data/images/fabric/23+07.jpeg
yarn,weft,,07,45,data/images/yarn/07_weft_p45.jpeg
yarn,warp,19,,46,data/images/yarn/19_warp_p46.jpeg
yarn,warp,20,,46,data/images/yarn/20_warp_p46.jpeg
yarn,warp,21,,46,data/images/yarn/21_warp_p46.jpeg
yarn,warp,22,,46,data/images/yarn/22_warp_p46.jpeg
yarn,warp,23,,46,data/images/yarn/23_warp_p46.jpeg
fabric,,19,05,46,data/images/fabric/19+05.jpeg
fabric,,20,05,46,data/images/fabric/20+05.jpeg
fabric,,21,05,46,data/images/fabric/21+05.jpeg
fabric,,22,05,46,data/images/fabric/22+05.jpeg
fabric,,23,05,46,data/images/fabric/23+05.jpeg
yarn,weft,,05,46,data/images/yarn/05_weft_p46.jpeg
fabric,,19,43,46,data/images/fabric/19+43.jpeg
fabric,,20,43,46,data/images/fabric/20+43.jpeg
fabric,,21,43,46,data/images/fabric/21+43.jpeg
fabric,,22,43,46,data/images/fabric/22+43.jpeg
fabric,,23,43,46,data/images/fabric/23+43.jpeg
yarn,weft,,43,46,data/images/yarn/43_weft_p46.jpeg
fabric,,19,03,46,data/images/fabric/19+03.jpeg
fabric,,20,03,46,data/images/fabric/20+03.jpeg
fabric,,21,03,46,data/images/fabric/21+03.jpeg
fabric,,22,03,46,data/images/fabric/22+03.jpeg
fabric,,23,03,46,data/images/fabric/23+03.jpeg
yarn,weft,,03,46,data/images/yarn/03_weft_p46.jpeg
yarn,warp,19,,47,data/images/yarn/19_warp_p47.jpeg
yarn,warp,20,,47,data/images/yarn/20_warp_p47.jpeg
yarn,warp,21,,47,data/images/yarn/21_warp_p47.jpeg
yarn,warp,22,,47,data/images/yarn/22_warp_p47.jpeg
yarn,warp,23,,47,data/images/yarn/23_warp_p47.jpeg
fabric,,19,02,47,data/images/fabric/19+02.jpeg
fabric,,20,02,47,data/images/fabric/20+02.jpeg
fabric,,21,02,47,data/images/fabric/21+02.jpeg
fabric,,22,02,47,data/images/fabric/22+02.jpeg
fabric,,23,02,47,data/images/fabric/23+02.jpeg
yarn,weft,,02,47,data/images/yarn/02_weft_p47.jpeg
fabric,,19,01,47,data/images/fabric/19+01.jpeg
fabric,,20,01,47,data/images/fabric/20+01.jpeg
fabric,,21,01,47,data/images/fabric/21+01.jpeg
fabric,,22,01,47,data/images/fabric/22+01.jpeg
fabric,,23,01,47,data/images/fabric/23+01.jpeg
yarn,weft,,01,47,data/images/yarn/01_weft_p47.jpeg
fabric,,19,41,47,data/images/fabric/19+41.jpeg
fabric,,20,41,47,data/images/fabric/20+41.jpeg
fabric,,21,41,47,data/images/fabric/21+41.jpeg
fabric,,22,41,47,data/images/fabric/22+41.jpeg
fabric,,23,41,47,data/images/fabric/23+41.jpeg
yarn,weft,,41,47,data/images/yarn/41_weft_p47.jpeg
yarn,warp,19,,48,data/images/yarn/19_warp_p48.jpeg
yarn,warp,20,,48,data/images/yarn/20_warp_p48.jpeg
yarn,warp,21,,48,data/images/yarn/21_warp_p48.jpeg
yarn,warp,22,,48,data/images/yarn/22_warp_p48.jpeg
yarn,warp,23,,48,data/images/yarn/23_warp_p48.jpeg
fabric,,19,50,48,data/images/fabric/19+50.jpeg
fabric,,20,50,48,data/images/fabric/20+50.jpeg
fabric,,21,50,48,data/images/fabric/21+50.jpeg
fabric,,22,50,48,data/images/fabric/22+50.jpeg
fabric,,23,50,48,data/images/fabric/23+50.jpeg
yarn,weft,,50,48,data/images/yarn/50_weft_p48.jpeg
fabric,,19,40,48,data/images/fabric/19+40.jpeg
fabric,,20,40,48,data/images/fabric/20+40.jpeg
fabric,,21,40,48,data/images/fabric/21+40.jpeg
fabric,,22,40,48,data/images/fabric/22+40.jpeg
fabric,,23,40,48,data/images/fabric/23+40.jpeg
yarn,weft,,40,48,data/images/yarn/40_weft_p48.jpeg
fabric,,19,37,48,data/images/fabric/19+37.jpeg
fabric,,20,37,48,data/images/fabric/20+37.jpeg
fabric,,21,37,48,data/images/fabric/21+37.jpeg
fabric,,22,37,48,data/images/fabric/22+37.jpeg
fabric,,23,37,48,data/images/fabric/23+37.jpeg
yarn,weft,,37,48,data/images/yarn/37_weft_p48.jpeg
fabric,,19,38,48,data/images/fabric/19+38.jpeg
fabric,,20,38,48,data/images/fabric/20+38.jpeg
fabric,,21,38,48,data/images/fabric/21+38.jpeg
fabric,,22,38,48,data/images/fabric/22+38.jpeg
fabric,,23,38,48,data/images/fabric/23+38.jpeg
yarn,weft,,38,48,data/images/yarn/38_weft_p48.jpeg
yarn,warp,19,,49,data/images/yarn/19_warp_p49.jpeg
yarn,warp,20,,49,data/images/yarn/20_warp_p49.jpeg
yarn,warp,21,,49,data/images/yarn/21_warp_p49.jpeg
yarn,warp,22,,49,data/images/yarn/22_warp_p49.jpeg
yarn,warp,23,,49,data/images/yarn/23_warp_p49.jpeg
fabric,,19,30,49,data/images/fabric/19+30.jpeg
fabric,,20,30,49,data/images/fabric/20+30.jpeg
fabric,,21,30,49,data/images/fabric/21+30.jpeg
fabric,,22,30,49,data/images/fabric/22+30.jpeg
fabric,,23,30,49,data/images/fabric/23+30.jpeg
yarn,weft,,30,49,data/images/yarn/30_weft_p49.jpeg
fabric,,19,27,49,data/images/fabric/19+27.jpeg
fabric,,20,27,49,data/images/fabric/20+27.jpeg
fabric,,21,27,49,data/images/fabric/21+27.jpeg
fabric,,22,27,49,data/images/fabric/22+27.jpeg
fabric,,23,27,49,data/images/fabric/23+27.jpeg
yarn,weft,,27,49,data/images/yarn/27_weft_p49.jpeg
fabric,,19,25,49,data/images/fabric/19+25.jpeg
fabric,,20,25,49,data/images/fabric/20+25.jpeg
fabric,,21,25,49,data/images/fabric/21+25.jpeg
fabric,,22,25,49,data/images/fabric/22+25.jpeg
fabric,,23,25,49,data/images/fabric/23+25.jpeg
yarn,weft,,25,49,data/images/yarn/25_weft_p49.jpeg
fabric,,19,22,49,data/images/fabric/19+22.jpeg
fabric,,20,22,49,data/images/fabric/20+22.jpeg
fabric,,21,22,49,data/images/fabric/21+22.jpeg
fabric,,22,22,49,data/images/fabric/22+22.jpeg
fabric,,23,22,49,data/images/fabric/23+22.jpeg
yarn,weft,,22,49,data/images/yarn/22_weft_p49.jpeg
yarn,warp,19,,50,data/images/yarn/19_warp_p50.jpeg
yarn,warp,20,,50,data/images/yarn/20_warp_p50.jpeg
yarn,warp,21,,50,data/images/yarn/21_warp_p50.jpeg
yarn,warp,22,,50,data/images/yarn/22_warp_p50.jpeg
yarn,warp,23,,50,data/images/yarn/23_warp_p50.jpeg
fabric,,19,23,50,data/images/fabric/19+23.jpeg
fabric,,20,23,50,data/images/fabric/20+23.jpeg
fabric,,21,23,50,data/images/fabric/21+23.jpeg
fabric,,22,23,50,data/images/fabric/22+23.jpeg
fabric,,23,23,50,data/images/fabric/23+23.jpeg
yarn,weft,,23,50,data/images/yarn/23_weft_p50.jpeg
fabric,,19,21,50,data/images/fabric/19+21.jpeg
fabric,,20,21,50,data/images/fabric/20+21.jpeg
fabric,,21,21,50,data/images/fabric/21+21.jpeg
fabric,,22,21,50,data/images/fabric/22+21.jpeg
fabric,,23,21,50,data/images/fabric/23+21.jpeg
yarn,weft,,21,50,data/images/yarn/21_weft_p50.jpeg
fabric,,19,24,50,data/images/fabric/19+24.jpeg
fabric,,20,24,50,data/images/fabric/20+24.jpeg
fabric,,21,24,50,data/images/fabric/21+24.jpeg
fabric,,22,24,50,data/images/fabric/22+24.jpeg
fabric,,23,24,50,data/images/fabric/23+24.jpeg
yarn,weft,,24,50,data/images/yarn/24_weft_p50.jpeg
fabric,,19,20,50,data/images/fabric/19+20.jpeg
fabric,,20,20,50,data/images/fabric/20+20.jpeg
fabric,,21,20,50,data/images/fabric/21+20.jpeg
fabric,,22,20,50,data/images/fabric/22+20.jpeg
fabric,,23,20,50,data/images/fabric/23+20.jpeg
yarn,weft,,20,50,data/images/yarn/20_weft_p50.jpeg
yarn,warp,19,,51,data/images/yarn/19_warp_p51.jpeg
yarn,warp,20,,51,data/images/yarn/20_warp_p51.jpeg
yarn,warp,21,,51,data/images/yarn/21_warp_p51.jpeg
yarn,warp,22,,51,data/images/yarn/22_warp_p51.jpeg
yarn,warp,23,,51,data/images/yarn/23_warp_p51.jpeg
fabric,,19,15,51,data/images/fabric/19+15.jpeg
fabric,,20,15,51,data/images/fabric/20+15.jpeg
fabric,,21,15,51,data/images/fabric/21+15.jpeg
fabric,,22,15,51,data/images/fabric/22+15.jpeg
fabric,,23,15,51,data/images/fabric/23+15.jpeg
yarn,weft,,15,51,data/images/yarn/15_weft_p51.jpeg
fabric,,19,19,51,data/images/fabric/19+19.jpeg
fabric,,20,19,51,data/images/fabric/20+19.jpeg
fabric,,21,19,51,data/images/fabric/21+19.jpeg
fabric,,22,19,51,data/images/fabric/22+19.jpeg
fabric,,23,19,51,data/images/fabric/23+19.jpeg
yarn,weft,,19,51,data/images/yarn/19_weft_p51.jpeg
fabric,,19,18,51,data/images/fabric/19+18.jpeg
fabric,,20,18,51,data/images/fabric/20+18.jpeg
fabric,,21,18,51,data/images/fabric/21+18.jpeg
fabric,,22,18,51,data/images/fabric/22+18.jpeg
fabric,,23,18,51,data/images/fabric/23+18.jpeg
yarn,weft,,18,51,data/images/yarn/18_weft_p51.jpeg
fabric,,19,17,51,data/images/fabric/19+17.jpeg
fabric,,20,17,51,data/images/fabric/20+17.jpeg
fabric,,21,17,51,data/images/fabric/21+17.jpeg
fabric,,22,17,51,data/images/fabric/22+17.jpeg
fabric,,23,17,51,data/images/fabric/23+17.jpeg
yarn,weft,,17,51,data/images/yarn/17_weft_p51.jpeg
yarn,warp,24,,52,data/images/yarn/24_warp_p52.jpeg
yarn,warp,25,,52,data/images/yarn/25_warp_p52.jpeg
yarn,warp,27,,52,data/images/yarn/27_warp_p52.jpeg
yarn,warp,30,,52,data/images/yarn/30_warp_p52.jpeg
yarn,warp,37,,52,data/images/yarn/37_warp_p52.jpeg
fabric,,24,50,52,data/images/fabric/24+50.jpeg
fabric,,25,50,52,data/images/fabric/25+50.jpeg
fabric,,27,50,52,data/images/fabric/27+50.jpeg
fabric,,30,50,52,data/images/fabric/30+50.jpeg
fabric,,37,50,52,data/images/fabric/37+50.jpeg
yarn,weft,,50,52,data/images/yarn/50_weft_p52.jpeg
fabric,,24,24,52,data/images/fabric/24+24.jpeg
fabric,,25,24,52,data/images/fabric/25+24.jpeg
fabric,,27,24,52,data/images/fabric/27+24.jpeg
fabric,,30,24,52,data/images/fabric/30+24.jpeg
fabric,,37,24,52,data/images/fabric/37+24.jpeg
yarn,weft,,24,52,data/images/yarn/24_weft_p52.jpeg
fabric,,24,43,52,data/images/fabric/24+43.jpeg
fabric,,25,43,52,data/images/fabric/25+43.jpeg
fabric,,27,43,52,data/images/fabric/27+43.jpeg
fabric,,30,43,52,data/images/fabric/30+43.jpeg
fabric,,37,43,52,data/images/fabric/37+43.jpeg
yarn,weft,,43,52,data/images/yarn/43_weft_p52.jpeg
yarn,warp,24,,53,data/images/yarn/24_warp_p53.jpeg
yarn,warp,25,,53,data/images/yarn/25_warp_p53.jpeg
yarn,warp,27,,53,data/images/yarn/27_warp_p53.jpeg
yarn,warp,30,,53,data/images/yarn/30_warp_p53.jpeg
yarn,warp,37,,53,data/images/yarn/37_warp_p53.jpeg
fabric,,24,25,53,data/images/fabric/24+25.jpeg
fabric,,25,25,53,data/images/fabric/25+25.jpeg
fabric,,27,25,53,data/images/fabric/27+25.jpeg
fabric,,30,25,53,data/images/fabric/30+25.jpeg
fabric,,37,25,53,data/images/fabric/37+25.jpeg
yarn,weft,,25,53,data/images/yarn/25_weft_p53.jpeg
fabric,,24,15,53,data/images/fabric/24+15.jpeg
fabric,,25,15,53,data/images/fabric/25+15.jpeg
fabric,,27,15,53,data/images/fabric/27+15.jpeg
fabric,,30,15,53,data/images/fabric/30+15.jpeg
fabric,,37,15,53,data/images/fabric/37+15.jpeg
yarn,weft,,15,53,data/images/yarn/15_weft_p53.jpeg
fabric,,24,20,53,data/images/fabric/24+20.jpeg
fabric,,25,20,53,data/images/fabric/25+20.jpeg
fabric,,27,20,53,data/images/fabric/27+20.jpeg
fabric,,30,20,53,data/images/fabric/30+20.jpeg
fabric,,37,20,53,data/images/fabric/37+20.jpeg
yarn,weft,,20,53,data/images/yarn/20_weft_p53.jpeg
fabric,,24,23,53,data/images/fabric/24+23.jpeg
fabric,,25,23,53,data/images/fabric/25+23.jpeg
fabric,,27,23,53,data/images/fabric/27+23.jpeg
fabric,,30,23,53,data/images/fabric/30+23.jpeg
fabric,,37,23,53,data/images/fabric/37+23.jpeg
yarn,weft,,23,53,data/images/yarn/23_weft_p53.jpeg
yarn,warp,24,,54,data/images/yarn/24_warp_p54.jpeg
yarn,warp,25,,54,data/images/yarn/25_warp_p54.jpeg
yarn,warp,27,,54,data/images/yarn/27_warp_p54.jpeg
yarn,warp,30,,54,data/images/yarn/30_warp_p54.jpeg
yarn,warp,37,,54,data/images/yarn/37_warp_p54.jpeg
fabric,,24,07,54,data/images/fabric/24+07.jpeg
fabric,,25,07,54,data/images/fabric/25+07.jpeg
fabric,,27,07,54,data/images/fabric/27+07.jpeg
fabric,,30,07,54,data/images/fabric/30+07.jpeg
fabric,,37,07,54,data/images/fabric/37+07.jpeg
yarn,weft,,07,54,data/images/yarn/07_weft_p54.jpeg
fabric,,24,03,54,data/images/fabric/24+03.jpeg
fabric,,25,03,54,data/images/fabric/25+03.jpeg
fabric,,27,03,54,data/images/fabric/27+03.jpeg
fabric,,30,03,54,data/images/fabric/30+03.jpeg
fabric,,37,03,54,data/images/fabric/37+03.jpeg
yarn,weft,,03,54,data/images/yarn/03_weft_p54.jpeg
fabric,,24,22,54,data/images/fabric/24+22.jpeg
fabric,,25,22,54,data/images/fabric/25+22.jpeg
fabric,,27,22,54,data/images/fabric/27+22.jpeg
fabric,,30,22,54,data/images/fabric/30+22.jpeg
fabric,,37,22,54,data/images/fabric/37+22.jpeg
yarn,weft,,22,54,data/images/yarn/22_weft_p54.jpeg
fabric,,24,21,54,data/images/fabric/24+21.jpeg
fabric,,25,21,54,data/images/fabric/25+21.jpeg
fabric,,27,21,54,data/images/fabric/27+21.jpeg
fabric,,30,21,54,data/images/fabric/30+21.jpeg
fabric,,37,21,54,data/images/fabric/37+21.jpeg
yarn,weft,,21,54,data/images/yarn/21_weft_p54.jpeg
yarn,warp,24,,55,data/images/yarn/24_warp_p55.jpeg
yarn,warp,25,,55,data/images/yarn/25_warp_p55.jpeg
yarn,warp,27,,55,data/images/yarn/27_warp_p55.jpeg
yarn,warp,30,,55,data/images/yarn/30_warp_p55.jpeg
yarn,warp,37,,55,data/images/yarn/37_warp_p55.jpeg
fabric,,24,02,55,data/images/fabric/24+02.jpeg
fabric,,25,02,55,data/images/fabric/25+02.jpeg
fabric,,27,02,55,data/images/fabric/27+02.jpeg
fabric,,30,02,55,data/images/fabric/30+02.jpeg
fabric,,37,02,55,data/images/fabric/37+02.jpeg
yarn,weft,,02,55,data/images/yarn/02_weft_p55.jpeg
fabric,,24,30,55,data/images/fabric/24+30.jpeg
fabric,,25,30,55,data/images/fabric/25+30.jpeg
fabric,,27,30,55,data/images/fabric/27+30.jpeg
fabric,,30,30,55,data/images/fabric/30+30.jpeg
fabric,,37,30,55,data/images/fabric/37+30.jpeg
yarn,weft,,30,55,data/images/yarn/30_weft_p55.jpeg
fabric,,24,41,55,data/images/fabric/24+41.jpeg
fabric,,25,41,55,data/images/fabric/25+41.jpeg
fabric,,27,41,55,data/images/fabric/27+41.jpeg
fabric,,30,41,55,data/images/fabric/30+41.jpeg
fabric,,37,41,55,data/images/fabric/37+41.jpeg
yarn,weft,,41,55,data/images/yarn/41_weft_p55.jpeg
fabric,,24,37,55,data/images/fabric/24+37.jpeg
fabric,,25,37,55,data/images/fabric/25+37.jpeg
fabric,,27,37,55,data/images/fabric/27+37.jpeg
fabric,,30,37,55,data/images/fabric/30+37.jpeg
fabric,,37,37,55,data/images/fabric/37+37.jpeg
yarn,weft,,37,55,data/images/yarn/37_weft_p55.jpeg
yarn,warp,24,,56,data/images/yarn/24_warp_p56.jpeg
yarn,warp,25,,56,data/images/yarn/25_warp_p56.jpeg
yarn,warp,27,,56,data/images/yarn/27_warp_p56.jpeg
yarn,warp,30,,56,data/images/yarn/30_warp_p56.jpeg
yarn,warp,37,,56,data/images/yarn/37_warp_p56.jpeg
fabric,,24,05,56,data/images/fabric/24+05.jpeg
fabric,,25,05,56,data/images/fabric/25+05.jpeg
fabric,,27,05,56,data/images/fabric/27+05.jpeg
fabric,,30,05,56,data/images/fabric/30+05.jpeg
fabric,,37,05,56,data/images/fabric/37+05.jpeg
yarn,weft,,05,56,data/images/yarn/05_weft_p56.jpeg
fabric,,24,27,56,data/images/fabric/24+27.jpeg
fabric,,25,27,56,data/images/fabric/25+27.jpeg
fabric,,27,27,56,data/images/fabric/27+27.jpeg
fabric,,30,27,56,data/images/fabric/30+27.jpeg
fabric,,37,27,56,data/images/fabric/37+27.jpeg
yarn,weft,,27,56,data/images/yarn/27_weft_p56.jpeg
fabric,,24,40,56,data/images/fabric/24+40.jpeg
fabric,,25,40,56,data/images/fabric/25+40.jpeg
fabric,,27,40,56,data/images/fabric/27+40.jpeg
fabric,,30,40,56,data/images/fabric/30+40.jpeg
fabric,,37,40,56,data/images/fabric/37+40.jpeg
yarn,weft,,40,56,data/images/yarn/40_weft_p56.jpeg
fabric,,24,38,56,data/images/fabric/24+38.jpeg
fabric,,25,38,56,data/images/fabric/25+38.jpeg
fabric,,27,38,56,data/images/fabric/27+38.jpeg
fabric,,30,38,56,data/images/fabric/30+38.jpeg
fabric,,37,38,56,data/images/fabric/37+38.jpeg
yarn,weft,,38,56,data/images/yarn/38_weft_p56.jpeg
yarn,warp,24,,57,data/images/yarn/24_warp_p57.jpeg
yarn,warp,25,,57,data/images/yarn/25_warp_p57.jpeg
yarn,warp,27,,57,data/images/yarn/27_warp_p57.jpeg
yarn,warp,30,,57,data/images/yarn/30_warp_p57.jpeg
yarn,warp,37,,57,data/images/yarn/37_warp_p57.jpeg
fabric,,24,13,57,data/images/fabric/24+13.jpeg
fabric,,25,13,57,data/images/fabric/25+13.jpeg
fabric,,27,13,57,data/images/fabric/27+13.jpeg
fabric,,30,13,57,data/images/fabric/30+13.jpeg
fabric,,37,13,57,data/images/fabric/37+13.jpeg
yarn,weft,,13,57,data/images/yarn/13_weft_p57.jpeg
fabric,,24,19,57,data/images/fabric/24+19.jpeg
fabric,,25,19,57,data/images/fabric/25+19.jpeg
fabric,,27,19,57,data/images/fabric/27+19.jpeg
fabric,,30,19,57,data/images/fabric/30+19.jpeg
fabric,,37,19,57,data/images/fabric/37+19.jpeg
yarn,weft,,19,57,data/images/yarn/19_weft_p57.jpeg
fabric,,24,18,57,data/images/fabric/24+18.jpeg
fabric,,25,18,57,data/images/fabric/25+18.jpeg
fabric,,27,18,57,data/images/fabric/27+18.jpeg
fabric,,30,18,57,data/images/fabric/30+18.jpeg
fabric,,37,18,57,data/images/fabric/37+18.jpeg
yarn,weft,,18,57,data/images/yarn/18_weft_p57.jpeg
fabric,,24,12,57,data/images/fabric/24+12.jpeg
fabric,,25,12,57,data/images/fabric/25+12.jpeg
fabric,,27,12,57,data/images/fabric/27+12.jpeg
fabric,,30,12,57,data/images/fabric/30+12.jpeg
fabric,,37,12,57,data/images/fabric/37+12.jpeg
yarn,weft,,12,57,data/images/yarn/12_weft_p57.jpeg
yarn,warp,24,,58,data/images/yarn/24_warp_p58.jpeg
yarn,warp,25,,58,data/images/yarn/25_warp_p58.jpeg
yarn,warp,27,,58,data/images/yarn/27_warp_p58.jpeg
yarn,warp,30,,58,data/images/yarn/30_warp_p58.jpeg
yarn,warp,37,,58,data/images/yarn/37_warp_p58.jpeg
fabric,,24,01,58,data/images/fabric/24+01.jpeg
fabric,,25,01,58,data/images/fabric/25+01.jpeg
fabric,,27,01,58,data/images/fabric/27+01.jpeg
fabric,,30,01,58,data/images/fabric/30+01.jpeg
fabric,,37,01,58,data/images/fabric/37+01.jpeg
yarn,weft,,01,58,data/images/yarn/01_weft_p58.jpeg
fabric,,24,17,58,data/images/fabric/24+17.jpeg
fabric,,25,17,58,data/images/fabric/25+17.jpeg
fabric,,27,17,58,data/images/fabric/27+17.jpeg
fabric,,30,17,58,data/images/fabric/30+17.jpeg
fabric,,37,17,58,data/images/fabric/37+17.jpeg
yarn,weft,,17,58,data/images/yarn/17_weft_p58.jpeg
yarn,warp,38,,59,data/images/yarn/38_warp_p59.jpeg
yarn,warp,40,,59,data/images/yarn/40_warp_p59.jpeg
yarn,warp,41,,59,data/images/yarn/41_warp_p59.jpeg
yarn,warp,43,,59,data/images/yarn/43_warp_p59.jpeg
yarn,warp,50,,59,data/images/yarn/50_warp_p59.jpeg
fabric,,38,27,59,data/images/fabric/38+27.jpeg
fabric,,40,27,59,data/images/fabric/40+27.jpeg
fabric,,41,27,59,data/images/fabric/41+27.jpeg
fabric,,43,27,59,data/images/fabric/43+27.jpeg
fabric,,50,27,59,data/images/fabric/50+27.jpeg
yarn,weft,,27,59,data/images/yarn/27_weft_p59.jpeg
fabric,,38,43,59,data/images/fabric/38+43.jpeg
fabric,,40,43,59,data/images/fabric/40+43.jpeg
fabric,,41,43,59,data/images/fabric/41+43.jpeg
fabric,,43,43,59,data/images/fabric/43+43.jpeg
fabric,,50,43,59,data/images/fabric/50+43.jpeg
yarn,weft,,43,59,data/images/yarn/43_weft_p59.jpeg
fabric,,38,22,59,data/images/fabric/38+22.jpeg
fabric,,40,22,59,data/images/fabric/40+22.jpeg
fabric,,41,22,59,data/images/fabric/41+22.jpeg
fabric,,43,22,59,data/images/fabric/43+22.jpeg
fabric,,50,22,59,data/images/fabric/50+22.jpeg
yarn,weft,,22,59,data/images/yarn/22_weft_p59.jpeg
fabric,,38,30,59,data/images/fabric/38+30.jpeg
fabric,,40,30,59,data/images/fabric/40+30.jpeg
fabric,,41,30,59,data/images/fabric/41+30.jpeg
fabric,,43,30,59,data/images/fabric/43+30.jpeg
fabric,,50,30,59,data/images/fabric/50+30.jpeg
yarn,weft,,30,59,data/images/yarn/30_weft_p59.jpeg
yarn,warp,38,,60,data/images/yarn/38_warp_p60.jpeg
yarn,warp,40,,60,data/images/yarn/40_warp_p60.jpeg
yarn,warp,41,,60,data/images/yarn/41_warp_p60.jpeg
yarn,warp,43,,60,data/images/yarn/43_warp_p60.jpeg
yarn,warp,50,,60,data/images/yarn/50_warp_p60.jpeg
fabric,,38,41,60,data/images/fabric/38+41.jpeg
fabric,,40,41,60,data/images/fabric/40+41.jpeg
fabric,,41,41,60,data/images/fabric/41+41.jpeg
fabric,,43,41,60,data/images/fabric/43+41.jpeg
fabric,,50,41,60,data/images/fabric/50+41.jpeg
yarn,weft,,41,60,data/images/yarn/41_weft_p60.jpeg
fabric,,38,05,60,data/images/fabric/38+05.jpeg
fabric,,40,05,60,data/images/fabric/40+05.jpeg
fabric,,41,05,60,data/images/fabric/41+05.jpeg
fabric,,43,05,60,data/images/fabric/43+05.jpeg
fabric,,50,05,60,data/images/fabric/50+05.jpeg
yarn,weft,,05,60,data/images/yarn/05_weft_p60.jpeg
fabric,,38,19,60,data/images/fabric/38+19.jpeg
fabric,,40,19,60,data/images/fabric/40+19.jpeg
fabric,,41,19,60,data/images/fabric/41+19.jpeg
fabric,,43,19,60,data/images/fabric/43+19.jpeg
fabric,,50,19,60,data/images/fabric/50+19.jpeg
yarn,weft,,19,60,data/images/yarn/19_weft_p60.jpeg
fabric,,38,01,60,data/images/fabric/38+01.jpeg
fabric,,40,01,60,data/images/fabric/40+01.jpeg
fabric,,41,01,60,data/images/fabric/41+01.jpeg
fabric,,43,01,60,data/images/fabric/43+01.jpeg
fabric,,50,01,60,data/images/fabric/50+01.jpeg
yarn,weft,,01,60,data/images/yarn/01_weft_p60.jpeg
yarn,warp,38,,61,data/images/yarn/38_warp_p61.jpeg
yarn,warp,40,,61,data/images/yarn/40_warp_p61.jpeg
yarn,warp,41,,61,data/images/yarn/41_warp_p61.jpeg
yarn,warp,43,,61,data/images/yarn/43_warp_p61.jpeg
yarn,warp,50,,61,data/images/yarn/50_warp_p61.jpeg
fabric,,38,17,61,data/images/fabric/38+17.jpeg
fabric,,40,17,61,data/images/fabric/40+17.jpeg
fabric,,41,17,61,data/images/fabric/41+17.jpeg
fabric,,43,17,61,data/images/fabric/43+17.jpeg
fabric,,50,17,61,data/images/fabric/50+17.jpeg
yarn,weft,,17,61,data/images/yarn/17_weft_p61.jpeg
fabric,,38,23,61,data/images/fabric/38+23.jpeg
fabric,,40,23,61,data/images/fabric/40+23.jpeg
fabric,,41,23,61,data/images/fabric/41+23.jpeg
fabric,,43,23,61,data/images/fabric/43+23.jpeg
fabric,,50,23,61,data/images/fabric/50+23.jpeg
yarn,weft,,23,61,data/images/yarn/23_weft_p61.jpeg
fabric,,38,20,61,data/images/fabric/38+20.jpeg
fabric,,40,20,61,data/images/fabric/40+20.jpeg
fabric,,41,20,61,data/images/fabric/41+20.jpeg
fabric,,43,20,61,data/images/fabric/43+20.jpeg
fabric,,50,20,61,data/images/fabric/50+20.jpeg
yarn,weft,,20,61,data/images/yarn/20_weft_p61.jpeg
fabric,,38,12,61,data/images/fabric/38+12.jpeg
fabric,,40,12,61,data/images/fabric/40+12.jpeg
fabric,,41,12,61,data/images/fabric/41+12.jpeg
fabric,,43,12,61,data/images/fabric/43+12.jpeg
fabric,,50,12,61,data/images/fabric/50+12.jpeg
yarn,weft,,12,61,data/images/yarn/12_weft_p61.jpeg
yarn,warp,38,,62,data/images/yarn/38_warp_p62.jpeg
yarn,warp,40,,62,data/images/yarn/40_warp_p62.jpeg
yarn,warp,41,,62,data/images/yarn/41_warp_p62.jpeg
yarn,warp,43,,62,data/images/yarn/43_warp_p62.jpeg
yarn,warp,50,,62,data/images/yarn/50_warp_p62.jpeg
fabric,,38,25,62,data/images/fabric/38+25.jpeg
fabric,,40,25,62,data/images/fabric/40+25.jpeg
fabric,,41,25,62,data/images/fabric/41+25.jpeg
fabric,,43,25,62,data/images/fabric/43+25.jpeg
fabric,,50,25,62,data/images/fabric/50+25.jpeg
yarn,weft,,25,62,data/images/yarn/25_weft_p62.jpeg
fabric,,38,38,62,data/images/fabric/38+38.jpeg
fabric,,40,38,62,data/images/fabric/40+38.jpeg
fabric,,41,38,62,data/images/fabric/41+38.jpeg
fabric,,43,38,62,data/images/fabric/43+38.jpeg
fabric,,50,38,62,data/images/fabric/50+38.jpeg
yarn,weft,,38,62,data/images/yarn/38_weft_p62.jpeg
fabric,,38,21,62,data/images/fabric/38+21.jpeg
fabric,,40,21,62,data/images/fabric/40+21.jpeg
fabric,,41,21,62,data/images/fabric/41+21.jpeg
fabric,,43,21,62,data/images/fabric/43+21.jpeg
fabric,,50,21,62,data/images/fabric/50+21.jpeg
yarn,weft,,21,62,data/images/yarn/21_weft_p62.jpeg
fabric,,38,13,62,data/images/fabric/38+13.jpeg
fabric,,40,13,62,data/images/fabric/40+13.jpeg
fabric,,41,13,62,data/images/fabric/41+13.jpeg
fabric,,43,13,62,data/images/fabric/43+13.jpeg
fabric,,50,13,62,data/images/fabric/50+13.jpeg
yarn,weft,,13,62,data/images/yarn/13_weft_p62.jpeg
yarn,warp,38,,63,data/images/yarn/38_warp_p63.jpeg
yarn,warp,40,,63,data/images/yarn/40_warp_p63.jpeg
yarn,warp,41,,63,data/images/yarn/41_warp_p63.jpeg
yarn,warp,43,,63,data/images/yarn/43_warp_p63.jpeg
yarn,warp,50,,63,data/images/yarn/50_warp_p63.jpeg
fabric,,38,40,63,data/images/fabric/38+40.jpeg
fabric,,40,40,63,data/images/fabric/40+40.jpeg
fabric,,41,40,63,data/images/fabric/41+40.jpeg
fabric,,43,40,63,data/images/fabric/43+40.jpeg
fabric,,50,40,63,data/images/fabric/50+40.jpeg
yarn,weft,,40,63,data/images/yarn/40_weft_p63.jpeg
fabric,,38,03,63,data/images/fabric/38+03.jpeg
fabric,,40,03,63,data/images/fabric/40+03.jpeg
fabric,,41,03,63,data/images/fabric/41+03.jpeg
fabric,,43,03,63,data/images/fabric/43+03.jpeg
fabric,,50,03,63,data/images/fabric/50+03.jpeg
yarn,weft,,03,63,data/images/yarn/03_weft_p63.jpeg
fabric,,38,24,63,data/images/fabric/38+24.jpeg
fabric,,40,24,63,data/images/fabric/40+24.jpeg
fabric,,41,24,63,data/images/fabric/41+24.jpeg
fabric,,43,24,63,data/images/fabric/43+24.jpeg
fabric,,50,24,63,data/images/fabric/50+24.jpeg
yarn,weft,,24,63,data/images/yarn/24_weft_p63.jpeg
fabric,,38,18,63,data/images/fabric/38+18.jpeg
fabric,,40,18,63,data/images/fabric/40+18.jpeg
fabric,,41,18,63,data/images/fabric/41+18.jpeg
fabric,,43,18,63,data/images/fabric/43+18.jpeg
fabric,,50,18,63,data/images/fabric/50+18.jpeg
yarn,weft,,18,63,data/images/yarn/18_weft_p63.jpeg
yarn,warp,38,,64,data/images/yarn/38_warp_p64.jpeg
yarn,warp,40,,64,data/images/yarn/40_warp_p64.jpeg
yarn,warp,41,,64,data/images/yarn/41_warp_p64.jpeg
yarn,warp,43,,64,data/images/yarn/43_warp_p64.jpeg
yarn,warp,50,,64,data/images/yarn/50_warp_p64.jpeg
fabric,,38,50,64,data/images/fabric/38+50.jpeg
fabric,,40,50,64,data/images/fabric/40+50.jpeg
fabric,,41,50,64,data/images/fabric/41+50.jpeg
fabric,,43,50,64,data/images/fabric/43+50.jpeg
fabric,,50,50,64,data/images/fabric/50+50.jpeg
yarn,weft,,50,64,data/images/yarn/50_weft_p64.jpeg
fabric,,38,37,64,data/images/fabric/38+37.jpeg
fabric,,40,37,64,data/images/fabric/40+37.jpeg
fabric,,41,37,64,data/images/fabric/41+37.jpeg
fabric,,43,37,64,data/images/fabric/43+37.jpeg
fabric,,50,37,64,data/images/fabric/50+37.jpeg
yarn,weft,,37,64,data/images/yarn/37_weft_p64.jpeg
fabric,,38,07,64,data/images/fabric/38+07.jpeg
fabric,,40,07,64,data/images/fabric/40+07.jpeg
fabric,,41,07,64,data/images/fabric/41+07.jpeg
fabric,,43,07,64,data/images/fabric/43+07.jpeg
fabric,,50,07,64,data/images/fabric/50+07.jpeg
yarn,weft,,07,64,data/images/yarn/07_weft_p64.jpeg
fabric,,38,15,64,data/images/fabric/38+15.jpeg
fabric,,40,15,64,data/images/fabric/40+15.jpeg
fabric,,41,15,64,data/images/fabric/41+15.jpeg
fabric,,43,15,64,data/images/fabric/43+15.jpeg
fabric,,50,15,64,data/images/fabric/50+15.jpeg
yarn,weft,,15,64,data/images/yarn/15_weft_p64.jpeg
yarn,warp,38,,65,data/images/yarn/38_warp_p65.jpeg
yarn,warp,40,,65,data/images/yarn/40_warp_p65.jpeg
yarn,warp,41,,65,data/images/yarn/41_warp_p65.jpeg
yarn,warp,43,,65,data/images/yarn/43_warp_p65.jpeg
yarn,warp,50,,65,data/images/yarn/50_warp_p65.jpeg
fabric,,38,02,65,data/images/fabric/38+02.jpeg
fabric,,40,02,65,data/images/fabric/40+02.jpeg
fabric,,41,02,65,data/images/fabric/41+02.jpeg
fabric,,43,02,65,data/images/fabric/43+02.jpeg
fabric,,50,02,65,data/images/fabric/50+02.jpeg
yarn,weft,,02,65,data/images/yarn/02_weft_p65.jpeg
