subset,scheme,model,mean,median,p90,within_3
ทั้งหมด (625),random 5-fold,เฉลี่ย L*a*b*,5.0873065073087815,4.506844904610928,9.28737825328438,23.04
ทั้งหมด (625),random 5-fold,เฉลี่ย XYZ (เชิงเส้น),6.197433514467599,4.4654529373611735,12.659302214232005,31.04
ทั้งหมด (625),random 5-fold,"Yule-Nielsen (n, w)",5.0858963737050304,4.472014154809742,9.323594773174179,24.0
ทั้งหมด (625),random 5-fold,"Yule-Nielsen (n, w, k)",4.984287304112119,4.36983270925674,9.054039305853438,28.64
ทั้งหมด (625),random 5-fold,ML ล้วน (GP),2.1053636938521536,1.5758757101662213,4.380151389527023,80.64
ทั้งหมด (625),random 5-fold,Hybrid (YN + GP),2.2397551104413087,1.6698310863908352,4.854153219307197,76.64
ทั้งหมด (625),leave-one-yarn-out,เฉลี่ย L*a*b*,5.0873065073087815,4.506844904610928,9.28737825328438,23.04
ทั้งหมด (625),leave-one-yarn-out,เฉลี่ย XYZ (เชิงเส้น),6.197433514467599,4.4654529373611735,12.659302214232005,31.04
ทั้งหมด (625),leave-one-yarn-out,"Yule-Nielsen (n, w)",5.100372117289268,4.463345276244251,9.36223925926449,23.84
ทั้งหมด (625),leave-one-yarn-out,"Yule-Nielsen (n, w, k)",5.0158574380738905,4.44328685882505,9.204011991270633,27.839999999999996
ทั้งหมด (625),leave-one-yarn-out,ML ล้วน (GP),3.44672371028577,2.5814425815191395,6.9016808906550855,57.599999999999994
ทั้งหมด (625),leave-one-yarn-out,Hybrid (YN + GP),3.3451714452692527,2.6274798284191885,6.858795771501112,55.84
ทั้งหมด (625),leave-one-loom-out,เฉลี่ย L*a*b*,5.0873065073087815,4.506844904610928,9.28737825328438,23.04
ทั้งหมด (625),leave-one-loom-out,เฉลี่ย XYZ (เชิงเส้น),6.197433514467599,4.4654529373611735,12.659302214232005,31.04
ทั้งหมด (625),leave-one-loom-out,"Yule-Nielsen (n, w)",5.5742733270311815,4.728976327680598,10.084487561774736,22.56
ทั้งหมด (625),leave-one-loom-out,"Yule-Nielsen (n, w, k)",5.512363064382732,4.683726554499128,10.413693932279125,25.44
ทั้งหมด (625),leave-one-loom-out,ML ล้วน (GP),8.229261188140944,5.094580445820727,16.382529160090385,26.240000000000002
ทั้งหมด (625),leave-one-loom-out,Hybrid (YN + GP),4.399743313775187,3.922469850000199,8.13610678708114,38.24
ตัดแถว * (596),random 5-fold,เฉลี่ย L*a*b*,4.948200776342824,4.456921638570719,8.85267202719983,23.993288590604024
ตัดแถว * (596),random 5-fold,เฉลี่ย XYZ (เชิงเส้น),6.060082255330478,4.364918667442737,12.404904445367025,31.879194630872483
ตัดแถว * (596),random 5-fold,"Yule-Nielsen (n, w)",4.942923478540989,4.372909785763018,9.207954410102193,25.838926174496645
ตัดแถว * (596),random 5-fold,"Yule-Nielsen (n, w, k)",4.838534176362821,4.301208487356168,8.928279656484195,29.86577181208054
ตัดแถว * (596),random 5-fold,ML ล้วน (GP),1.8937825313289793,1.4478076534533535,3.8164566995828206,84.8993288590604
ตัดแถว * (596),random 5-fold,Hybrid (YN + GP),1.9782334059265603,1.547140920279676,3.9357583240884653,84.22818791946308
ตัดแถว * (596),leave-one-yarn-out,เฉลี่ย L*a*b*,4.948200776342824,4.456921638570719,8.85267202719983,23.993288590604024
ตัดแถว * (596),leave-one-yarn-out,เฉลี่ย XYZ (เชิงเส้น),6.060082255330478,4.364918667442737,12.404904445367025,31.879194630872483
ตัดแถว * (596),leave-one-yarn-out,"Yule-Nielsen (n, w)",4.959165084257097,4.381025992848448,9.18701701490868,25.503355704697988
ตัดแถว * (596),leave-one-yarn-out,"Yule-Nielsen (n, w, k)",4.866365432952819,4.350078776635868,9.04398607435444,29.697986577181208
ตัดแถว * (596),leave-one-yarn-out,ML ล้วน (GP),3.1706372740901263,2.5154586718946885,6.391232612343567,60.738255033557046
ตัดแถว * (596),leave-one-yarn-out,Hybrid (YN + GP),3.170935300886515,2.4384808760834007,6.79507213002084,59.395973154362416
ตัดแถว * (596),leave-one-loom-out,เฉลี่ย L*a*b*,4.948200776342824,4.456921638570719,8.85267202719983,23.993288590604024
ตัดแถว * (596),leave-one-loom-out,เฉลี่ย XYZ (เชิงเส้น),6.060082255330478,4.364918667442737,12.404904445367025,31.879194630872483
ตัดแถว * (596),leave-one-loom-out,"Yule-Nielsen (n, w)",5.44082096353842,4.6191367028424315,9.87170307684977,23.657718120805367
ตัดแถว * (596),leave-one-loom-out,"Yule-Nielsen (n, w, k)",5.374140983567845,4.620973492271476,9.824266199058355,26.677852348993287
ตัดแถว * (596),leave-one-loom-out,ML ล้วน (GP),9.035707277094255,5.236293101003037,23.662874622180944,24.496644295302016
ตัดแถว * (596),leave-one-loom-out,Hybrid (YN + GP),4.34776102030914,3.7080737422194545,7.7374724779256505,38.92617449664429
