warp,weft,L,a,b,flag,flag_reason
01,,88.52,-2.92,11.78,,
02,,72.65,13.07,85.43,,
03,,60.6,30.31,72.16,,
05,,49.2,47.89,2.75,,
07,,27.94,43.34,-9.62,,
12,,23.43,20.95,-21.1,,
13,,36.45,-9.12,-24.4,,
15,,20.65,11.67,-18.73,,
17,,45.94,25.63,47.44,,
18,,49.0,-25.05,45.93,,
19,,20.45,-9.52,4.4,,
20,,38.3,53.24,32.17,,
21,,22.74,21.35,9.17,,
22,,34.44,-27.59,21.14,,
23,,18.25,5.48,-10.61,,
24,,18.93,-0.67,-0.76,,
25,,32.9,6.46,24.74,,
27,,17.49,9.36,-4.55,,
30,,30.15,45.17,21.77,,
37,,43.19,-1.92,1.23,,
38,,36.76,22.35,23.55,*,yarn vs 38+38 dE00=16.5
40,,36.66,-9.21,30.18,,
41,,31.28,-1.54,24.19,,
43,,50.38,18.59,8.5,,
50,,62.53,39.05,26.27,,
01,01,89.76,-0.92,4.23,,
01,02,80.51,3.53,50.73,,
01,03,71.62,18.73,41.6,,
01,05,63.81,33.1,-3.0,,
01,07,53.46,23.98,-9.01,,
01,12,49.88,11.23,-13.81,,
01,13,57.6,-3.84,-18.88,,
01,15,49.53,4.88,-10.77,,
01,17,64.1,15.63,23.96,,
01,18,64.74,-17.33,26.26,,
01,19,48.46,-4.05,0.87,,
01,20,56.15,33.63,13.28,,
01,21,49.11,11.0,3.05,,
01,22,54.76,-15.81,10.77,,
01,23,45.66,2.81,-5.58,,
01,24,49.08,-0.09,-1.42,,
01,25,54.75,3.38,11.53,,
01,27,47.27,3.87,-0.09,,
01,30,52.57,25.96,7.48,,
01,37,57.27,0.02,-3.4,,
01,38,65.47,20.91,8.25,,
01,40,57.53,-5.71,14.71,,
01,41,54.8,-1.41,10.97,,
01,43,65.88,13.73,3.04,,
01,50,72.66,25.05,12.87,,
02,01,81.25,3.0,47.54,,
02,02,75.58,9.24,84.57,,
02,03,68.11,21.39,76.23,,
02,05,60.31,30.29,32.74,,
02,07,49.1,21.13,26.48,,
02,12,46.75,6.88,22.0,,
02,13,52.29,-9.58,14.62,,
02,15,46.6,-0.04,27.59,,
02,17,59.73,17.27,61.83,,
02,18,60.68,-13.95,59.78,,
02,19,43.66,-6.06,35.48,,
02,20,53.35,33.19,50.97,,
02,21,46.57,8.77,40.36,,
02,22,51.17,-15.07,43.43,,
02,23,42.36,-1.03,29.56,,
02,24,46.23,-2.88,37.44,,
02,25,51.43,2.87,48.26,,
02,27,44.99,1.09,35.24,,
02,30,49.99,24.56,46.43,,
02,37,54.66,-1.79,30.39,,
02,38,61.4,20.34,47.01,,
02,40,54.08,-5.1,51.17,,
02,41,51.37,-1.27,48.8,,
02,43,61.9,11.96,37.57,,
02,50,68.39,25.54,49.12,,
03,01,73.48,16.97,35.57,,
03,02,69.02,19.86,77.35,,
03,03,62.89,30.02,71.88,,
03,05,55.7,40.07,26.33,,
03,07,44.66,31.92,21.37,,
03,12,41.69,16.69,15.92,,
03,13,47.01,2.04,7.92,,
03,15,40.58,11.48,19.99,,
03,17,55.3,27.18,58.26,,
03,18,55.17,-2.18,54.6,,
03,19,38.92,4.56,30.95,,
03,20,49.5,41.5,48.1,,
03,21,41.41,19.35,35.52,,
03,22,45.39,-5.13,37.85,,
03,23,37.89,9.82,25.55,,
03,24,39.8,8.04,30.56,,
03,25,46.22,12.91,43.61,,
03,27,39.41,11.17,29.1,,
03,30,45.32,34.93,42.36,,
03,37,49.93,9.16,25.03,,
03,38,55.95,30.8,40.22,*,asym 03+38/38+03 dE00=8.7
03,40,48.65,5.45,46.47,,
03,41,46.19,9.83,44.22,*,asym 03+41/41+03 dE00=7.5
03,43,56.83,21.91,31.11,*,asym 03+43/43+03 dE00=7.9
03,50,63.18,34.85,41.96,*,asym 03+50/50+03 dE00=7.9
05,01,66.92,29.91,-1.98,,
05,02,62.77,27.26,38.27,,
05,03,57.91,36.44,34.46,,
05,05,52.36,49.4,-3.65,,
05,07,41.79,44.26,-10.1,,
05,12,38.13,31.47,-16.57,,
05,13,44.21,17.39,-21.24,,
05,15,37.47,27.32,-14.05,,
05,17,50.87,36.01,19.95,,
05,18,50.76,7.9,18.07,,
05,19,35.56,16.9,-3.28,,
05,20,45.61,50.97,11.93,,
05,21,37.77,31.34,-0.6,,
05,22,42.19,6.77,5.37,,
05,23,34.42,23.44,-8.95,,
05,24,36.93,21.91,-5.25,,
05,25,42.56,24.34,6.59,,
05,27,36.79,23.34,-3.59,,
05,30,42.12,44.69,5.84,,
05,37,46.26,21.54,-6.33,,
05,38,51.64,40.96,5.33,,
05,40,45.29,16.55,9.42,,
05,41,41.98,21.92,5.68,,
05,43,52.99,32.05,-0.17,,
05,50,58.09,43.4,8.26,,
07,01,55.78,22.07,-7.78,,
07,02,51.36,19.46,32.63,,
07,03,46.93,30.05,28.81,,
07,05,42.0,46.75,-10.06,,
07,07,30.6,47.47,-16.1,,
07,12,27.2,34.86,-22.63,,
07,13,34.22,17.03,-26.71,,
07,15,25.7,30.58,-21.01,,
07,17,40.46,33.09,16.81,,
07,18,40.95,4.7,15.64,,
07,19,25.09,18.77,-8.28,,
07,20,34.85,49.84,6.47,,
07,21,27.02,33.28,-5.06,,
07,22,32.85,4.22,2.28,,
07,23,23.32,27.35,-15.01,,
07,24,25.2,24.35,-11.1,,
07,25,31.83,24.34,2.84,,
07,27,26.07,25.1,-8.55,,
07,30,31.15,46.81,1.38,,
07,37,36.49,21.45,-11.23,,
07,38,40.59,38.98,-0.38,,
07,40,34.92,15.28,6.62,,
07,41,31.18,21.21,1.92,,
07,43,43.33,30.04,-5.08,,
07,50,46.82,37.08,1.81,,
12,01,51.3,9.83,-12.45,,
12,02,46.27,5.54,21.1,,
12,03,42.03,15.83,16.57,,
12,05,37.8,32.14,-17.25,,
12,07,27.12,33.54,-22.34,,
12,12,25.93,23.8,-25.47,,
12,13,31.91,9.14,-28.68,,
12,15,24.14,19.69,-24.63,,
12,17,36.4,19.86,7.75,,
12,18,37.67,-2.97,6.09,*,asym 12+18/18+12 dE00=9.2
12,19,23.64,9.63,-14.41,,
12,20,30.74,35.16,-3.08,,
12,21,24.81,22.5,-12.27,,
12,22,30.52,-2.11,-5.19,,
12,23,22.48,17.3,-20.07,,
12,24,23.22,13.68,-16.84,,
12,25,29.6,13.91,-5.22,,
12,27,24.88,15.28,-13.85,,
12,30,27.35,32.02,-8.0,,
12,37,35.78,10.44,-14.02,,
12,38,36.66,25.55,-8.01,,
12,40,32.53,4.49,0.35,,
12,41,28.51,11.02,-6.78,,
12,43,42.38,23.15,-6.21,,
12,50,39.93,19.15,-10.14,*,asym 12+50/50+12 dE00=8.9
13,01,56.78,-3.18,-19.57,,
13,02,51.52,-9.22,12.67,,
13,03,46.75,1.3,6.79,,
13,05,42.73,17.91,-23.92,,
13,07,33.82,16.29,-27.08,,
13,12,33.22,6.61,-29.05,,
13,13,38.75,-4.37,-32.05,,
13,15,31.81,2.76,-28.07,,
13,17,41.37,4.58,-1.4,,
13,18,43.91,-18.32,-0.68,*,asym 13+18/18+13 dE00=7.2
13,19,31.36,-7.17,-18.48,,
13,20,35.89,18.53,-11.45,,
13,21,31.46,5.49,-17.47,,
13,22,37.5,-17.21,-10.82,,
13,23,30.06,-0.53,-23.35,,
13,24,31.11,-3.56,-20.35,,
13,25,36.03,-1.86,-11.65,,
13,27,31.85,-0.54,-18.51,,
13,30,33.17,14.69,-15.1,,
13,37,41.47,-3.19,-19.6,,
13,38,42.02,10.78,-15.15,,
13,40,38.57,-10.34,-6.47,,
13,41,35.38,-6.03,-12.11,,
13,43,47.12,9.14,-13.81,,
13,50,44.92,6.07,-16.92,*,asym 13+50/50+13 dE00=10.4
15,01,49.43,5.28,-11.32,,
15,02,45.43,0.68,24.13,,
15,03,40.08,11.3,17.65,,
15,05,36.11,27.73,-16.44,,
15,07,25.31,29.53,-21.53,,
15,12,24.0,19.02,-24.53,,
15,13,30.42,4.41,-27.56,,
15,15,21.94,15.03,-24.09,,
15,17,34.58,15.25,8.24,,
15,18,36.6,-8.87,8.94,,
15,19,22.1,4.07,-13.09,,
15,20,28.51,30.8,-2.46,,
15,21,22.91,17.82,-10.81,,
15,22,29.27,-7.64,-3.6,,
15,23,20.24,12.01,-19.04,,
15,24,21.59,8.17,-15.26,,
15,25,27.82,9.03,-4.09,,
15,27,22.83,10.73,-12.81,,
15,30,25.51,28.06,-6.32,,
15,37,33.93,6.17,-13.04,,
15,38,34.88,21.24,-6.75,,
15,40,30.55,0.0,1.1,*,asym 15+40/40+15 dE00=7.8
15,41,27.27,5.38,-4.58,*,asym 15+41/41+15 dE00=9.2
15,43,40.76,18.85,-5.06,,
15,50,38.18,15.02,-9.39,*,asym 15+50/50+15 dE00=8.7
17,01,62.69,17.2,25.05,,
17,02,59.24,18.93,61.05,,
17,03,54.75,27.22,57.21,,
17,05,50.56,35.9,21.11,,
17,07,40.81,32.33,18.65,,
17,12,39.09,20.47,15.03,,
17,13,42.81,7.75,5.63,,
17,15,37.15,16.37,15.03,,
17,17,49.19,27.17,47.4,,
17,18,49.63,4.31,44.74,,
17,19,37.01,10.89,26.96,,
17,20,44.38,39.4,39.11,,
17,21,38.46,22.45,30.01,,
17,22,42.41,3.69,32.77,,
17,23,35.6,15.15,21.93,,
17,24,36.75,13.45,25.1,,
17,25,42.69,17.27,36.32,,
17,27,37.82,15.73,26.17,,
17,30,41.39,34.52,35.02,,
17,37,46.6,12.96,20.9,,
17,38,49.55,30.26,31.61,*,asym 17+38/38+17 dE00=7.5
17,40,44.18,10.49,38.29,,
17,41,42.03,14.84,36.39,,
17,43,55.2,31.2,32.61,,
17,50,50.94,23.04,23.92,*,asym 17+50/50+17 dE00=13.9
18,01,65.06,-16.87,26.29,,
18,02,60.22,-13.56,59.38,,
18,03,54.69,-4.32,53.81,,
18,05,50.59,5.64,19.58,,
18,07,41.63,2.15,17.36,,
18,12,41.48,-9.29,16.79,*,asym 12+18/18+12 dE00=9.2
18,13,45.59,-20.86,9.52,*,asym 13+18/18+13 dE00=7.2
18,15,39.78,-12.69,17.02,,
18,17,49.65,-1.66,45.12,,
18,18,51.92,-25.91,45.81,,
18,19,39.42,-18.67,28.55,,
18,20,43.87,9.59,35.48,,
18,21,40.16,-6.08,29.57,,
18,22,44.96,-26.54,34.26,,
18,23,37.83,-13.92,23.09,,
18,24,39.08,-15.81,25.77,,
18,25,44.35,-12.08,36.14,,
18,27,38.86,-11.49,25.72,,
18,30,41.52,4.79,32.6,,
18,37,48.8,-15.0,22.25,,
18,38,49.98,0.96,30.17,,
18,40,46.19,-18.09,38.98,,
18,41,44.08,-15.58,36.43,,
18,43,55.23,1.06,29.79,,
18,50,51.92,-4.37,24.49,*,asym 18+50/50+18 dE00=12.5
19,01,50.18,-3.77,0.69,,
19,02,45.84,-5.47,39.86,,
19,03,39.69,4.99,32.8,,
19,05,35.46,21.14,-5.2,,
19,07,24.25,21.46,-9.59,,
19,12,22.67,7.22,-12.62,,
19,13,29.69,-8.21,-15.55,,
19,15,21.53,2.35,-11.25,,
19,17,35.21,9.54,25.21,,
19,18,37.04,-18.06,25.23,,
19,19,21.25,-8.84,1.73,,
19,20,28.21,24.99,12.79,,
19,21,22.51,8.98,3.71,,
19,22,29.45,-19.76,11.6,,
19,23,19.19,-0.73,-4.94,,
19,24,20.73,-3.67,-1.25,,
19,25,28.04,0.3,12.82,,
19,27,22.28,1.08,0.6,,
19,30,24.8,20.1,8.11,,
19,37,34.9,-3.15,-1.46,,
19,38,36.49,14.62,6.2,,
19,40,30.12,-9.46,15.85,,
19,41,26.56,-5.06,11.69,,
19,43,38.4,7.77,1.67,,
19,50,39.63,12.13,7.3,,
20,01,56.48,33.24,12.96,,
20,02,53.31,33.38,52.32,,
20,03,49.1,42.15,47.87,,
20,05,44.91,52.13,10.1,,
20,07,33.87,49.55,4.88,,
20,12,30.7,36.63,-0.87,,
20,13,35.5,23.21,-6.97,,
20,15,28.96,32.31,0.04,,
20,17,43.23,41.26,38.16,,
20,18,42.67,14.85,34.17,,
20,19,28.83,26.67,13.71,,
20,20,39.33,55.28,30.48,,
20,21,30.96,38.05,17.37,,
20,22,34.85,17.04,20.51,,
20,23,26.85,30.53,7.05,,
20,24,27.04,25.24,8.91,,
20,25,34.96,29.46,23.98,,
20,27,29.4,29.01,11.53,,
20,30,35.08,50.7,24.76,,
20,37,40.3,25.6,8.09,,
20,38,44.89,44.42,19.75,,
20,40,37.07,23.9,26.79,,
20,41,34.03,28.03,23.67,,
20,43,45.29,35.41,12.86,,
20,50,49.64,46.56,22.7,,
21,01,49.77,10.88,2.28,,
21,02,46.61,9.03,40.66,,
21,03,41.9,18.95,36.26,,
21,05,37.53,33.54,-2.31,,
21,07,26.58,34.62,-6.52,,
21,12,24.37,22.55,-10.2,,
21,13,30.63,7.3,-15.35,,
21,15,22.91,18.19,-9.75,,
21,17,36.03,22.29,26.42,,
21,18,37.88,-3.1,26.48,,
21,19,22.59,9.04,3.53,,
21,20,31.02,37.75,16.73,,
21,21,24.36,23.01,6.13,,
21,22,29.97,-1.82,12.22,,
21,23,20.8,16.04,-2.98,,
21,24,22.03,12.33,0.75,,
21,25,29.38,14.22,14.4,,
21,27,23.83,14.97,2.53,,
21,30,27.12,33.71,11.45,,
21,37,35.35,9.72,-0.06,,
21,38,37.98,26.65,8.72,,
21,40,31.61,6.29,17.72,,
21,41,28.29,10.6,13.91,,
21,43,39.15,19.79,3.96,,
21,50,41.04,25.46,10.05,,
22,01,55.51,-14.63,10.15,,
22,02,51.06,-13.95,45.35,,
22,03,45.86,-3.51,39.7,,
22,05,41.19,11.28,3.01,,
22,07,31.61,8.0,0.49,,
22,12,30.67,-6.85,-0.7,,
22,13,36.74,-19.5,-5.84,,
22,15,29.42,-10.07,-0.85,,
22,17,40.43,-0.93,30.47,,
22,18,43.84,-26.59,33.23,,
22,19,29.75,-20.12,12.35,,
22,20,34.67,14.64,20.35,,
22,21,29.92,-4.44,13.26,,
22,22,36.13,-28.12,19.95,,
22,23,26.94,-12.2,5.33,,
22,24,28.32,-14.88,8.86,,
22,25,34.53,-10.69,20.57,,
22,27,29.34,-9.88,9.73,,
22,30,31.76,8.35,16.66,,
22,37,40.29,-13.1,7.32,,
22,38,41.91,3.89,14.21,,
22,40,37.25,-18.75,24.29,,
22,41,34.03,-15.3,20.59,,
22,43,43.66,-2.08,9.82,,
22,50,45.64,2.81,15.73,,
23,01,45.8,2.9,-5.77,,
23,02,42.33,-0.84,31.3,,
23,03,38.08,9.82,25.87,,
23,05,34.85,27.42,-10.28,,
23,07,22.49,27.52,-15.4,,
23,12,20.21,15.65,-18.87,,
23,13,27.23,0.92,-21.44,,
23,15,19.25,11.49,-18.1,,
23,17,31.65,13.11,15.89,,
23,18,34.88,-12.32,19.0,,
23,19,19.19,-0.41,-5.31,,
23,20,26.08,29.03,5.7,,
23,21,20.28,15.33,-3.27,,
23,22,26.61,-11.64,4.23,,
23,23,17.01,8.18,-11.93,,
23,24,18.44,4.35,-8.01,,
23,25,25.36,6.21,5.12,,
23,27,20.22,7.67,-5.63,,
23,30,22.78,26.34,1.6,,
23,37,31.83,3.08,-6.86,,
23,38,33.44,18.87,0.07,,
23,40,28.27,-2.79,9.28,,
23,41,24.65,1.91,4.72,,
23,43,34.88,12.66,-4.0,,
23,50,37.6,17.62,1.62,,
24,01,53.29,-0.02,-0.75,,
24,02,47.96,-2.73,41.24,,
24,03,42.91,9.17,36.98,,
24,05,38.17,27.0,-7.54,,
24,07,24.93,26.75,-12.22,,
24,12,23.03,13.11,-16.23,,
24,13,30.69,-3.86,-19.86,,
24,15,21.05,8.56,-15.91,,
24,17,36.24,12.89,25.37,,
24,18,38.17,-16.0,25.29,,
24,19,20.92,-4.12,-0.66,,
24,20,29.05,29.38,12.05,,
24,21,22.56,12.25,1.62,,
24,22,29.62,-16.87,10.28,,
24,23,19.06,4.13,-7.48,,
24,24,20.46,0.29,-3.23,,
24,25,28.65,3.81,12.24,,
24,27,22.18,4.43,-1.43,,
24,30,25.12,25.03,6.84,,
24,37,32.82,0.44,-4.35,,
24,38,36.48,18.94,5.41,,
24,40,31.26,-6.38,15.79,,
24,41,26.9,-1.3,9.77,,
24,43,40.93,12.23,0.72,,
24,50,45.3,17.94,7.58,,
25,01,58.35,3.03,9.46,,
25,02,54.21,2.88,52.23,,
25,03,49.18,14.51,48.59,,
25,05,43.4,28.87,2.75,,
25,07,31.87,27.56,0.0,,
25,12,29.52,14.31,-5.5,,
25,13,36.19,-1.47,-9.71,,
25,15,27.89,9.28,-3.42,,
25,17,42.58,17.31,37.11,,
25,18,43.93,-11.43,35.69,,
25,19,28.31,0.1,12.72,,
25,20,36.07,32.09,24.9,,
25,21,29.92,14.42,15.19,,
25,22,35.24,-11.07,20.93,,
25,23,26.73,6.61,6.76,,
25,24,27.56,3.75,9.88,,
25,25,34.83,7.23,23.68,,
25,27,28.86,7.06,10.95,,
25,30,32.11,27.44,19.85,,
25,37,38.49,3.41,5.33,,
25,38,42.36,21.72,16.08,,
25,40,37.05,-1.91,26.55,,
25,41,33.73,3.14,22.82,,
25,43,45.6,14.73,10.43,,
25,50,50.44,21.86,17.92,,
27,01,52.35,3.6,-0.41,,
27,02,49.8,0.75,42.39,,
27,03,44.6,12.66,38.01,,
27,05,39.36,29.44,-6.42,,
27,07,27.06,29.44,-10.52,,
27,12,24.65,16.26,-14.77,,
27,13,31.77,-0.18,-18.75,,
27,15,22.77,11.4,-13.64,,
27,17,38.56,16.55,27.7,,
27,18,39.12,-11.99,25.45,,
27,19,22.79,0.42,0.65,,
27,20,31.05,33.09,14.22,,
27,21,24.38,15.9,3.1,,
27,22,31.16,-13.24,11.41,,
27,23,20.89,8.09,-5.67,,
27,24,22.53,4.45,-1.56,,
27,25,30.18,7.24,13.16,,
27,27,23.79,8.02,-0.3,,
27,30,26.93,27.45,8.0,,
27,37,34.5,3.68,-3.68,,
27,38,37.85,21.41,6.32,,
27,40,32.76,-2.96,17.09,,
27,41,28.43,2.96,10.73,,
27,43,41.5,14.61,1.82,,
27,50,45.73,20.52,8.58,,
30,01,54.84,24.75,6.66,,
30,02,52.25,22.73,49.72,,
30,03,47.9,32.7,46.92,,
30,05,43.29,47.13,2.17,,
30,07,30.86,46.87,-1.73,,
30,12,27.56,33.16,-7.54,,
30,13,33.36,15.71,-14.27,,
30,15,25.05,27.3,-7.51,,
30,17,41.36,34.27,35.7,,
30,18,40.45,7.86,31.04,,
30,19,25.6,22.33,8.95,,
30,20,35.85,51.12,25.19,,
30,21,27.24,33.56,11.69,,
30,22,32.64,4.98,16.74,,
30,23,23.57,26.76,1.87,,
30,24,24.06,20.9,4.3,,
30,25,32.45,24.6,20.05,,
30,27,26.34,24.81,6.77,,
30,30,31.51,47.28,19.67,,
30,37,36.4,19.79,1.84,,
30,38,41.57,39.35,14.77,,
30,40,34.68,15.37,23.26,,
30,41,31.09,23.86,19.11,,
30,43,44.2,29.19,7.45,,
30,50,49.06,37.94,15.96,,
37,01,62.78,-0.01,-2.01,,
37,02,58.93,-1.61,38.89,,
37,03,53.3,10.93,33.67,,
37,05,47.81,27.16,-7.72,,
37,07,36.84,24.12,-11.17,,
37,12,34.53,10.72,-14.46,,
37,13,41.4,-3.36,-19.97,,
37,15,33.54,6.38,-12.98,,
37,17,45.09,12.92,21.5,,
37,18,48.21,-14.71,20.69,,
37,19,34.14,-3.36,-1.54,,
37,20,40.16,29.12,10.17,,
37,21,34.99,10.38,0.31,,
37,22,40.33,-14.48,8.19,,
37,23,32.62,3.34,-6.53,,
37,24,31.63,0.69,-3.13,,
37,25,39.61,3.82,9.52,,
37,27,33.67,3.99,-2.18,,
37,30,36.19,24.68,5.4,,
37,37,43.31,0.71,-5.04,,
37,38,46.53,17.91,3.88,,
37,40,41.55,-5.8,13.11,,
37,41,39.07,-0.88,6.87,,
37,43,50.01,12.2,0.36,,
37,50,54.4,19.33,7.53,,
38,01,64.77,23.25,8.55,,
38,02,60.34,22.54,45.35,,
38,03,49.39,31.47,29.33,*,asym 03+38/38+03 dE00=8.7
38,05,51.06,43.09,4.53,,
38,07,40.55,38.55,-0.15,,
38,12,38.62,27.07,-4.76,,
38,13,43.1,14.41,-10.88,,
38,15,35.81,21.56,2.64,,
38,17,56.06,31.37,40.14,*,asym 17+38/38+17 dE00=7.5
38,18,49.62,7.06,26.82,,
38,19,38.09,17.21,7.54,,
38,20,45.43,44.26,19.83,,
38,21,37.23,27.34,9.51,,
38,22,41.87,6.87,13.97,,
38,23,37.34,22.99,-3.13,,
38,24,37.11,19.67,5.58,,
38,25,41.94,18.91,16.09,,
38,27,37.8,21.57,6.66,,
38,30,41.33,39.64,15.04,,
38,37,47.08,19.16,4.86,,
38,38,50.0,36.26,14.69,*,yarn vs 38+38 dE00=16.5
38,40,44.45,15.45,18.77,,
38,41,42.89,22.23,16.3,,
38,43,51.72,27.99,8.38,,
38,50,56.22,37.37,17.13,,
40,01,57.39,-5.67,14.79,,
40,02,53.8,-4.6,52.38,,
40,03,43.09,7.98,37.26,,
40,05,43.85,17.45,8.58,,
40,07,33.97,16.05,5.29,,
40,12,33.43,2.46,4.26,,
40,13,38.42,-10.58,-3.04,,
40,15,28.61,-2.88,9.74,*,asym 15+40/40+15 dE00=7.8
40,17,49.03,6.04,47.37,,
40,18,44.9,-17.31,37.01,,
40,19,32.2,-9.49,18.01,,
40,20,37.31,20.89,26.86,,
40,21,31.07,6.35,17.92,,
40,22,37.3,-18.82,23.95,,
40,23,31.66,-1.64,5.02,,
40,24,30.88,-5.96,14.94,,
40,25,36.26,-5.95,26.28,,
40,27,31.36,-1.66,15.0,,
40,30,34.13,17.73,22.8,,
40,37,42.11,-4.94,10.86,,
40,38,43.49,12.93,19.61,,
40,40,38.91,-9.51,29.43,,
40,41,36.81,-1.88,26.65,,
40,43,46.55,6.94,13.21,,
40,50,49.2,11.95,20.08,,
41,01,54.33,-1.26,10.96,,
41,02,50.88,-1.02,48.57,,
41,03,40.0,11.64,33.63,*,asym 03+41/41+03 dE00=7.5
41,05,40.98,21.48,5.03,,
41,07,30.9,20.62,1.81,,
41,12,29.86,7.9,-0.87,,
41,13,35.17,-5.86,-6.59,,
41,15,24.89,2.11,4.52,*,asym 15+41/41+15 dE00=9.2
41,17,46.01,9.27,44.04,,
41,18,41.74,-13.36,33.51,,
41,19,28.77,-4.66,13.72,,
41,20,34.48,25.4,23.35,,
41,21,28.43,9.89,14.68,,
41,22,34.43,-14.98,20.23,,
41,23,28.56,3.47,0.73,,
41,24,27.89,-1.29,11.39,,
41,25,33.13,-1.42,22.33,,
41,27,28.47,2.64,11.05,,
41,30,31.19,21.1,19.22,,
41,37,39.05,-1.05,7.52,,
41,38,40.15,16.22,16.35,,
41,40,35.87,-5.23,25.68,,
41,41,33.6,2.66,22.66,,
41,43,43.78,10.58,9.81,,
41,50,46.4,15.01,16.84,,
43,01,65.81,14.39,2.8,,
43,02,61.28,12.73,37.23,,
43,03,50.92,22.87,22.11,*,asym 03+43/43+03 dE00=7.9
43,05,52.99,32.82,-1.15,,
43,07,43.07,29.91,-5.49,,
43,12,42.27,19.85,-8.41,,
43,13,45.89,7.85,-14.41,,
43,15,36.89,13.31,-3.29,,
43,17,57.22,21.89,32.81,,
43,18,52.32,0.25,20.39,,
43,19,40.87,8.94,2.06,,
43,20,46.15,35.73,12.8,,
43,21,39.26,19.89,4.13,,
43,22,44.68,-0.48,9.21,,
43,23,40.88,15.91,-7.34,,
43,24,39.27,11.48,0.16,,
43,25,44.87,11.49,9.83,,
43,27,38.82,13.61,1.49,,
43,30,43.18,30.89,8.2,,
43,37,49.57,11.72,0.11,,
43,38,51.81,27.87,8.44,,
43,40,46.5,7.54,12.87,,
43,41,44.99,14.12,10.56,,
43,43,53.62,21.03,3.52,,
43,50,57.71,27.99,10.32,,
50,01,72.48,27.53,13.58,,
50,02,67.84,27.27,47.56,,
50,03,56.14,32.69,31.02,*,asym 03+50/50+03 dE00=7.9
50,05,58.37,44.33,8.87,,
50,07,47.42,36.95,2.01,,
50,12,46.37,25.15,-1.59,*,asym 12+50/50+12 dE00=8.9
50,13,49.01,12.79,-9.36,*,asym 13+50/50+13 dE00=10.4
50,15,40.6,18.35,2.64,*,asym 15+50/50+15 dE00=8.7
50,17,63.56,35.4,42.63,*,asym 17+50/50+17 dE00=13.9
50,18,56.46,8.71,26.67,*,asym 18+50/50+18 dE00=12.5
50,19,42.99,13.82,7.81,,
50,20,51.67,45.63,21.81,,
50,21,44.05,26.19,10.92,,
50,22,48.43,6.97,14.81,,
50,23,44.74,21.03,-0.76,,
50,24,43.09,17.17,6.42,,
50,25,48.54,17.93,16.74,,
50,27,42.51,18.38,6.82,,
50,30,47.88,39.07,16.17,,
50,37,53.41,18.71,6.97,,
50,38,56.98,37.51,17.34,,
50,40,50.71,14.6,19.53,,
50,41,49.08,20.48,17.14,,
50,43,57.93,28.48,10.89,,
50,50,63.85,40.5,20.95,,
