model,seed,mean_de00,share_le3
เฉลี่ย L*a*b*,0,5.0873,0.2304
S-N (Stearns-Noechel),0,4.4030,0.3312
ML ล้วน: GP,0,2.1054,0.8064
ML ล้วน: MLP (BPNN),0,2.6313,0.7088
ML ล้วน: XGBoost,0,1.6610,0.8784
Hybrid: S-N + GP,0,1.9014,0.8576
Hybrid: S-N + MLP (BPNN),0,2.1644,0.7936
Hybrid: S-N + XGBoost,0,1.4934,0.9008
Hybrid: S-N + XGBoost ensemble×10,0,1.5349,0.8976
เฉลี่ย L*a*b*,1,5.0873,0.2304
S-N (Stearns-Noechel),1,4.4007,0.3360
ML ล้วน: GP,1,2.0488,0.8240
ML ล้วน: MLP (BPNN),1,2.6760,0.7056
ML ล้วน: XGBoost,1,1.6235,0.8960
Hybrid: S-N + GP,1,1.8502,0.8656
Hybrid: S-N + MLP (BPNN),1,2.0777,0.8208
Hybrid: S-N + XGBoost,1,1.4504,0.9104
Hybrid: S-N + XGBoost ensemble×10,1,1.4917,0.9168
เฉลี่ย L*a*b*,2,5.0873,0.2304
S-N (Stearns-Noechel),2,4.4046,0.3296
ML ล้วน: GP,2,2.0739,0.8176
ML ล้วน: MLP (BPNN),2,2.6727,0.7024
ML ล้วน: XGBoost,2,1.6569,0.8816
Hybrid: S-N + GP,2,1.8678,0.8608
Hybrid: S-N + MLP (BPNN),2,2.0755,0.8240
Hybrid: S-N + XGBoost,2,1.4534,0.8992
Hybrid: S-N + XGBoost ensemble×10,2,1.4877,0.9040
เฉลี่ย L*a*b*,3,5.0873,0.2304
S-N (Stearns-Noechel),3,4.4002,0.3280
ML ล้วน: GP,3,2.0812,0.8160
ML ล้วน: MLP (BPNN),3,2.5419,0.7344
ML ล้วน: XGBoost,3,1.6633,0.8928
Hybrid: S-N + GP,3,1.8824,0.8592
Hybrid: S-N + MLP (BPNN),3,2.0641,0.8224
Hybrid: S-N + XGBoost,3,1.4754,0.9040
Hybrid: S-N + XGBoost ensemble×10,3,1.5363,0.9024
เฉลี่ย L*a*b*,4,5.0873,0.2304
S-N (Stearns-Noechel),4,4.4100,0.3232
ML ล้วน: GP,4,2.1009,0.8176
ML ล้วน: MLP (BPNN),4,2.6781,0.7072
ML ล้วน: XGBoost,4,1.6811,0.8896
Hybrid: S-N + GP,4,1.9087,0.8640
Hybrid: S-N + MLP (BPNN),4,2.0413,0.8320
Hybrid: S-N + XGBoost,4,1.5118,0.9136
Hybrid: S-N + XGBoost ensemble×10,4,1.5639,0.9072
เฉลี่ย L*a*b*,5,5.0873,0.2304
S-N (Stearns-Noechel),5,4.4061,0.3328
ML ล้วน: GP,5,2.0547,0.8304
ML ล้วน: MLP (BPNN),5,2.5824,0.7152
ML ล้วน: XGBoost,5,1.5808,0.8944
Hybrid: S-N + GP,5,1.8767,0.8592
Hybrid: S-N + MLP (BPNN),5,2.0308,0.8096
Hybrid: S-N + XGBoost,5,1.4885,0.9120
Hybrid: S-N + XGBoost ensemble×10,5,1.5464,0.8976
เฉลี่ย L*a*b*,6,5.0873,0.2304
S-N (Stearns-Noechel),6,4.4010,0.3280
ML ล้วน: GP,6,2.0703,0.8240
ML ล้วน: MLP (BPNN),6,2.3935,0.7632
ML ล้วน: XGBoost,6,1.6560,0.8976
Hybrid: S-N + GP,6,1.9075,0.8544
Hybrid: S-N + MLP (BPNN),6,2.0024,0.8368
Hybrid: S-N + XGBoost,6,1.4966,0.9168
Hybrid: S-N + XGBoost ensemble×10,6,1.5322,0.9040
เฉลี่ย L*a*b*,7,5.0873,0.2304
S-N (Stearns-Noechel),7,4.3985,0.3312
ML ล้วน: GP,7,2.0515,0.8272
ML ล้วน: MLP (BPNN),7,2.5371,0.7424
ML ล้วน: XGBoost,7,1.6518,0.8832
Hybrid: S-N + GP,7,1.8793,0.8672
Hybrid: S-N + MLP (BPNN),7,2.0525,0.8192
Hybrid: S-N + XGBoost,7,1.5128,0.9152
Hybrid: S-N + XGBoost ensemble×10,7,1.5441,0.9104
เฉลี่ย L*a*b*,8,5.0873,0.2304
S-N (Stearns-Noechel),8,4.3988,0.3344
ML ล้วน: GP,8,2.0804,0.8208
ML ล้วน: MLP (BPNN),8,2.6256,0.7104
ML ล้วน: XGBoost,8,1.6607,0.8960
Hybrid: S-N + GP,8,1.8916,0.8640
Hybrid: S-N + MLP (BPNN),8,2.0509,0.8080
Hybrid: S-N + XGBoost,8,1.4946,0.9088
Hybrid: S-N + XGBoost ensemble×10,8,1.5391,0.9056
เฉลี่ย L*a*b*,9,5.0873,0.2304
S-N (Stearns-Noechel),9,4.4044,0.3248
ML ล้วน: GP,9,2.0962,0.8112
ML ล้วน: MLP (BPNN),9,2.4786,0.7504
ML ล้วน: XGBoost,9,1.6999,0.8848
Hybrid: S-N + GP,9,1.8640,0.8624
Hybrid: S-N + MLP (BPNN),9,1.9488,0.8176
Hybrid: S-N + XGBoost,9,1.4983,0.9104
Hybrid: S-N + XGBoost ensemble×10,9,1.5475,0.9056
